user_id,name,email,signup_date
1,Joseph Walker,schwartzcarol@example.net,2022-05-23 10:57:21
2,Ryan Cook,andrewfrench@example.com,2023-08-22 04:45:17
3,Allison Meyer,frankperkins@example.org,2024-01-06 14:26:41
4,Jaclyn Watson,billy15@example.org,2021-05-16 17:08:10
5,Samuel Lewis,cobbdeborah@example.org,2019-10-24 21:13:23
6,Gary Torres,ycampbell@example.org,2020-06-21 21:50:50
7,Sandra Anderson,scottdenise@example.com,2019-11-28 22:31:51
8,Ann Rojas,moodynathan@example.com,2021-05-27 04:18:17
9,Christopher Lopez,michelleayala@example.com,2022-04-12 14:30:24
10,Daniel Hill,alexandraphillips@example.net,2020-05-02 16:03:58
11,Nancy Lopez,brittany00@example.net,2023-03-05 04:22:20
12,Andre Yu,elijahharris@example.com,2020-12-31 02:52:40
13,Christian Barrett,oelliott@example.org,2021-11-14 02:35:31
14,Audrey Short,ronaldgreen@example.net,2023-11-24 07:40:06
15,Heidi Jordan,morganellen@example.net,2023-09-03 22:36:09
16,Anthony Gardner,aaron68@example.com,2021-04-30 11:48:00
17,Patricia Tucker DDS,turnerrussell@example.org,2020-06-14 13:31:16
18,Shannon Fuentes,hannavanessa@example.com,2024-02-28 11:42:44
19,Michael Lowe,delgadosarah@example.net,2024-01-21 14:35:24
20,Melissa Thompson,hollynunez@example.com,2024-02-24 01:07:35
21,Angela Byrd,jessica52@example.org,2020-10-03 11:09:39
22,Robert Gay,vincentramirez@example.net,2024-07-02 17:06:20
23,Henry Frazier,kayla91@example.com,2019-09-12 19:54:22
24,Mark Brock,mcdanieljeffery@example.com,2023-01-15 10:43:22
25,Michael Blackburn,janecooper@example.org,2021-03-30 23:46:15
26,Mrs. Angela Edwards,cartersusan@example.org,2023-08-18 03:32:30
27,Peter Henderson,amy03@example.org,2022-01-03 20:10:08
28,Stephen Conway,dyertiffany@example.net,2020-04-15 09:41:20
29,Megan Bailey,howardgonzales@example.org,2022-02-20 05:03:49
30,James Mullen,anthony77@example.org,2020-05-10 01:38:01
31,Michael Taylor,danagonzales@example.com,2022-07-23 06:40:39
32,Kelly Marsh,laurensimpson@example.com,2020-07-07 13:06:53
33,Rebecca Haley,chenstacy@example.org,2020-12-11 07:18:31
34,Ms. Heather Fitzgerald MD,casey89@example.net,2020-11-05 04:11:45
35,Brittany Decker,valerie38@example.net,2024-04-16 06:38:20
36,Kenneth Melendez,garrisonjohnathan@example.org,2020-10-07 06:25:27
37,Travis Boone,awarren@example.com,2022-06-26 08:57:19
38,Margaret Cantrell,smithrichard@example.org,2019-09-23 08:08:20
39,Barbara Burns,brandihughes@example.org,2019-08-27 18:03:47
40,Zachary Strong,wesley65@example.net,2020-08-27 23:55:18
41,Rebecca Allen,lmorgan@example.net,2020-08-18 01:37:54
42,Megan Mason,myersjeffrey@example.com,2020-11-13 00:25:18
43,Holly Olson,sharpjoshua@example.org,2022-12-10 09:20:19
44,Jeremy Vazquez,rodriguezjanet@example.org,2022-11-03 15:28:22
45,Christopher Melendez,karawilson@example.net,2020-09-29 00:40:44
46,Robert Mitchell,tammyalvarez@example.net,2021-10-06 12:46:43
47,Robert Cabrera,nancy32@example.net,2021-03-04 16:55:08
48,Alexis Huffman,allen47@example.com,2020-10-07 07:11:52
49,Stephanie Gonzalez,heathermartinez@example.net,2024-04-20 23:20:34
50,Jenna Gonzales,lisa33@example.com,2021-05-23 23:55:53
51,Alison Mcclain,katherine84@example.com,2019-10-08 11:43:02
52,Michael Elliott,crystalrichmond@example.com,2019-08-23 13:21:46
53,Brent Mcmillan,nvang@example.com,2021-07-25 02:28:11
54,Jennifer Carroll,keithtimothy@example.com,2024-03-01 17:17:06
55,Jennifer Hooper,edward41@example.com,2024-03-07 15:40:38
56,Joan Conway,james57@example.net,2023-01-07 15:46:29
57,Bridget Townsend,jacobmorales@example.com,2023-07-04 01:05:08
58,Kara Howard,hernandezandrew@example.org,2021-11-14 22:50:52
59,Christina Gray,ashleyjames@example.org,2021-10-25 16:46:07
60,Gabriel Rogers,kimbeverly@example.org,2024-01-02 01:28:21
61,Thomas Pittman,danielsmith@example.net,2020-04-08 22:12:32
62,Patrick Hayes,kevinkeith@example.net,2019-10-06 15:20:52
63,Jasmine Jones,michael57@example.org,2020-08-27 23:07:15
64,Jared Green,nguyenshelia@example.org,2021-10-06 21:17:13
65,John Kerr,anne37@example.org,2022-05-26 05:32:04
66,Joshua Wilson,uhart@example.com,2022-06-27 10:44:25
67,Amy Wilson,mitchellthomas@example.org,2023-01-12 19:35:20
68,Robert Patel,matthewmclaughlin@example.net,2023-03-27 21:36:54
69,Austin Christian,vanessaguerra@example.net,2019-10-11 04:56:07
70,Michael Davis,brobinson@example.org,2021-08-31 11:54:29
71,Jeffrey Peterson,bjackson@example.org,2022-10-24 08:16:06
72,Jeffrey Rice,brookskrystal@example.org,2023-11-17 17:26:12
73,Michael Moreno,charlessutton@example.net,2022-01-11 23:27:54
74,Cole Gilbert,zkennedy@example.net,2021-05-30 01:03:03
75,Paula Roberts,jennifer15@example.net,2022-11-15 15:19:12
76,Jeremy Lee,anthony67@example.net,2022-07-03 03:35:12
77,Scott Horton,sandyhull@example.org,2021-03-12 10:00:08
78,Anthony Wheeler,tammie46@example.com,2023-07-26 20:34:52
79,Nicole Jacobs,imcbride@example.org,2022-01-27 07:55:49
80,Mrs. Angela Rowe,madison09@example.net,2021-05-10 07:04:21
81,Paul Miller,ycooley@example.com,2022-02-09 05:13:34
82,Kevin Johnson,mgilmore@example.net,2020-11-13 07:47:43
83,Joseph Davis,patrick05@example.org,2019-10-12 14:55:59
84,Jaime Burke,josephking@example.com,2021-06-18 05:20:18
85,Patrick Haley,castrojennifer@example.com,2020-12-22 09:41:35
86,Todd Riley,waltersjose@example.org,2023-10-29 20:13:32
87,David Bowen DVM,christophercantu@example.org,2021-10-14 03:05:43
88,Sara Stewart,brandonbradley@example.com,2022-05-06 17:37:56
89,Brett Villanueva,heidi27@example.com,2022-05-24 12:40:09
90,Bruce Hicks,catherine40@example.net,2023-09-01 05:32:45
91,Andrew Wright,samanthamartin@example.net,2023-11-23 16:15:41
92,Danielle Gray,whitecurtis@example.com,2020-01-25 08:49:36
93,Jeff Johnson,megan11@example.com,2020-12-08 13:59:51
94,Katherine Ingram,john85@example.com,2024-07-08 09:59:32
95,Kristin Montgomery,kimberly32@example.net,2020-11-04 10:29:31
96,Sandra Barber,rebecca38@example.net,2020-07-21 07:06:15
97,Anne Sullivan,stephanie56@example.org,2024-01-23 07:35:50
98,Derek Kidd,daniel20@example.net,2022-10-21 15:51:07
99,Ashley Parker,tiffanybennett@example.org,2022-04-05 03:16:46
100,Nancy Rosales,gbeard@example.org,2024-02-22 01:55:48
101,Craig Rogers,thomas02@example.net,2023-08-18 16:44:53
102,Rachel Williamson,norrismichael@example.net,2022-06-13 01:52:02
103,Randy Smith,dcharles@example.org,2023-05-30 20:45:57
104,Kim Wagner,riverajessica@example.org,2024-01-25 23:14:23
105,Stephanie Thompson,jdaniels@example.com,2022-05-21 20:16:45
106,Dawn Allen,heathergregory@example.com,2024-08-14 11:00:13
107,Jessica Roy,normadoyle@example.com,2022-03-08 19:39:27
108,Brenda Huerta,slewis@example.com,2024-01-01 00:51:13
109,Briana Young,stephen91@example.net,2019-11-13 11:40:41
110,Elizabeth Burke,jackwood@example.org,2022-12-27 20:51:45
111,Gregory Martinez,johnhunter@example.org,2021-12-18 13:06:00
112,Jeffery Smith,angelachen@example.net,2019-11-22 08:13:21
113,Heather Montgomery,john69@example.org,2021-11-20 05:16:56
114,Adam Butler,dominiquevaldez@example.org,2021-10-28 17:25:44
115,Seth Randall,smithkenneth@example.org,2019-08-26 06:53:08
116,Dr. Donna Lee,barbaraclark@example.org,2021-05-10 15:58:03
117,Charles Sanchez,christine70@example.net,2019-09-07 02:07:58
118,Dawn Baldwin,aaronmartinez@example.org,2020-12-09 12:43:40
119,Rebecca Coleman,thompsonjanet@example.org,2021-01-26 02:36:33
120,Robert Davenport,michaelpierce@example.com,2022-09-03 09:57:11
121,Jeremy Floyd,vdecker@example.net,2024-02-07 06:08:05
122,Mark Robbins,hernandezzachary@example.com,2024-02-01 10:58:45
123,Joshua Gonzalez,elizabethfranklin@example.com,2021-01-17 03:04:59
124,Tonya Harris,mcmahonjeffrey@example.net,2023-01-12 04:54:05
125,Nicole Baldwin,barneshayden@example.com,2021-03-13 14:34:03
126,Teresa Cuevas,davidenglish@example.com,2021-02-10 07:14:52
127,Leonard Newman,richard07@example.net,2024-08-11 17:30:25
128,Jessica Nelson,blackwelldouglas@example.org,2022-05-14 16:41:25
129,Devon Webb,trevorballard@example.org,2020-01-05 02:55:52
130,Brenda Day,david83@example.com,2020-12-19 16:11:29
131,Kelly Murillo,qgonzalez@example.org,2024-04-25 11:38:33
132,Tracy Davis,jared84@example.com,2024-04-09 03:42:20
133,Angel Brown,molly83@example.org,2020-11-29 15:51:09
134,Kevin Mcintyre,john76@example.net,2020-09-20 01:14:13
135,Mark Mitchell,gmckinney@example.com,2021-11-27 00:36:55
136,Laura Bradford,fitzpatrickkatherine@example.com,2023-04-06 22:01:31
137,Robert Wright,christinawilliams@example.net,2022-05-26 03:35:19
138,Shawn Tate,paulgray@example.net,2020-03-03 01:54:39
139,Mrs. Kayla Roberts DVM,fruiz@example.com,2022-06-01 13:11:19
140,Mary Walter,gkelly@example.org,2021-08-01 16:15:50
141,Diane Lang,xgrant@example.com,2022-05-14 09:32:03
142,Sheena Clark,vharrison@example.net,2022-08-07 21:33:16
143,Brian Woods,katelyn99@example.org,2021-07-12 16:12:02
144,Gina Martinez,michael00@example.org,2020-05-22 05:27:23
145,Dr. Michelle Herrera,alexanderbailey@example.org,2024-07-12 02:55:58
146,Stephanie Jackson,gday@example.net,2020-11-25 08:37:26
147,Mrs. Anna Lam,catherine84@example.net,2019-12-08 11:20:42
148,Andrew Cooper,tallen@example.com,2022-07-31 11:49:14
149,Christina Woods,craig29@example.net,2022-09-02 05:28:58
150,Terry Dixon,luis04@example.net,2021-01-14 22:29:39
151,Gregory Wallace,edward62@example.com,2024-05-26 05:24:55
152,Melissa Wiggins,martinsmith@example.com,2024-03-27 13:48:37
153,Eric Garcia,lindaburke@example.com,2023-09-09 12:22:36
154,Kathy Hobbs,pollardpam@example.org,2024-02-16 12:09:09
155,Eric Wagner,heather68@example.org,2021-12-26 01:00:24
156,Susan Johnson,ehull@example.com,2021-09-06 20:08:50
157,Amy Weber,clairerivera@example.com,2023-01-31 16:37:52
158,Ian Long Jr.,abigailelliott@example.com,2021-01-29 01:19:42
159,Robert Wang,craig05@example.org,2024-03-10 18:53:28
160,Raymond Black,csmith@example.net,2021-02-15 08:48:50
161,Dr. Patrick Mullins,daniel04@example.org,2022-08-11 08:25:09
162,William Perez,shaun55@example.org,2019-12-29 21:43:23
163,Michael Cohen,matthew94@example.org,2020-04-10 23:06:27
164,Jacqueline Davis,johnsonsusan@example.org,2024-03-08 22:44:53
165,Brian Martinez,christopherblankenship@example.com,2023-12-23 13:12:31
166,Matthew Powers,mikayla69@example.com,2019-10-09 11:51:13
167,Erin Adams,fordbrian@example.com,2023-05-25 10:18:22
168,Colton Miranda,oliu@example.com,2022-01-26 06:05:18
169,Jessica Aguilar,smithchristopher@example.com,2022-05-22 11:51:27
170,Kristin Bean,tholmes@example.com,2021-09-03 03:00:30
171,Tony Krause,billtaylor@example.com,2024-04-22 05:01:54
172,Gina Brown,griffinjaime@example.org,2020-12-03 23:09:53
173,Jeffrey Smith,nicolesmith@example.com,2023-05-21 03:00:37
174,Michael Diaz,lhall@example.com,2021-06-14 16:23:44
175,Yvette Stuart,stephanie59@example.com,2020-12-25 18:35:03
176,Amy Hines,marilynsheppard@example.com,2020-11-27 23:24:42
177,Deanna Reyes,amygutierrez@example.net,2023-12-24 19:14:19
178,Nicole Sparks,kdyer@example.org,2024-08-19 01:37:07
179,Kenneth Ray,rosetravis@example.org,2021-01-29 03:00:09
180,Cindy Lewis,weaverjennifer@example.net,2024-01-07 02:34:03
181,Robert Price,cody67@example.org,2021-01-18 17:34:16
182,Tara Johnson,simmonssamantha@example.org,2022-08-18 13:40:07
183,Jennifer Russo,gabriel08@example.org,2019-10-05 08:21:52
184,Beth Moore,gdiaz@example.com,2020-06-29 05:26:36
185,Alexander Buckley,justin19@example.org,2021-04-09 00:45:28
186,Cynthia Knight,kingtracey@example.com,2021-09-05 01:13:01
187,Amanda Lee,jessicamartinez@example.org,2020-02-07 15:32:23
188,Beth Howell,scottaaron@example.com,2019-10-19 03:57:50
189,Kayla Parker,james09@example.net,2023-11-01 19:20:21
190,Robert Davis,wrobinson@example.org,2020-09-14 11:13:22
191,Sierra Lawrence,fischermackenzie@example.org,2020-04-01 05:31:40
192,Andrew Bishop,wattssean@example.net,2021-05-29 18:47:14
193,Mr. Thomas Oliver,taylorchristopher@example.com,2023-11-01 07:07:00
194,Joshua Jones,whiterenee@example.com,2021-04-26 03:51:39
195,Robin Williams,johnolsen@example.org,2024-01-22 01:59:14
196,Jason Ballard,michael36@example.com,2021-08-12 18:53:27
197,Emily Espinoza,gonzalezsteven@example.com,2022-07-16 17:34:46
198,Elizabeth Prince,davidlutz@example.net,2021-05-20 14:45:59
199,Timothy Torres,karenmiles@example.net,2022-12-19 13:41:37
200,Julia Dalton,richardfleming@example.com,2020-04-08 03:51:23
201,Samuel Mclaughlin,stephanie02@example.net,2021-04-04 22:27:58
202,Kathy Rubio,makaylaedwards@example.net,2023-09-05 02:08:45
203,Shari Mullins,moodyjoseph@example.org,2020-05-13 21:02:59
204,Caitlin Clark,richardkirk@example.com,2020-02-10 06:14:22
205,Alexander Fox,brandylopez@example.com,2020-02-27 04:08:04
206,Amy Martinez,zharris@example.com,2019-10-06 00:28:14
207,Alicia Wright,graytiffany@example.net,2022-06-30 04:08:54
208,John Salazar,shawtimothy@example.org,2021-02-08 13:42:35
209,Elijah Williams,ruben25@example.org,2020-06-26 22:34:06
210,Walter Anderson,morrisjohn@example.com,2024-03-11 01:49:09
211,Margaret Robbins,michealreyes@example.org,2020-03-11 18:00:05
212,Tonya Chavez,catherine30@example.net,2022-05-17 11:22:38
213,Kimberly Jones,lperez@example.org,2024-02-15 21:49:41
214,Lisa Sanders,courtneysimpson@example.net,2023-11-19 16:50:28
215,Gregory Booker,rhonda60@example.org,2021-01-27 22:18:40
216,Christine Zimmerman,jessica71@example.net,2023-02-14 09:57:27
217,Michael Moore,gyates@example.com,2021-07-08 16:47:48
218,Clayton Rogers,jerrywalker@example.net,2023-03-25 20:20:03
219,Kim Larson,richardwalker@example.net,2021-01-08 08:05:04
220,Daniel Kelly,hensonkayla@example.com,2021-02-23 16:50:49
221,Susan Lopez,beardronald@example.com,2021-07-10 14:44:57
222,Stephen Johnson,reginabradford@example.org,2022-02-10 12:08:46
223,Stacey Reed,briannewton@example.net,2019-11-06 00:18:14
224,John Richmond,johnsonshawn@example.com,2024-04-09 13:05:32
225,Christina Phillips,scruz@example.org,2019-09-24 10:23:54
226,Catherine Davis,melissastewart@example.org,2022-04-11 03:42:43
227,Timothy Ortiz,mary76@example.org,2020-07-01 12:11:28
228,Lisa York,ahicks@example.com,2023-11-08 22:28:31
229,Paula Mcclure,pattersonsuzanne@example.org,2024-07-01 18:03:08
230,Sheena Williams,blackburnmary@example.net,2021-08-08 21:41:39
231,Dr. Kathryn Macdonald,zacharyjones@example.net,2021-10-05 19:38:34
232,Tabitha Guerra,julia31@example.org,2024-07-30 21:41:55
233,Ronald Gonzalez,zacharyharris@example.net,2021-07-16 10:00:11
234,Jessica Johnson,marcus75@example.com,2022-01-20 17:37:15
235,Craig Weaver,halenicholas@example.org,2020-05-06 01:52:17
236,Veronica Palmer,simmonssara@example.org,2023-05-12 13:12:59
237,Scott Montgomery,alexander80@example.net,2024-05-23 07:56:12
238,Richard Oneal,samantha76@example.com,2020-02-11 03:02:00
239,Sandra Dunn,zberry@example.org,2020-10-02 11:57:59
240,Katrina Pearson,heather06@example.org,2022-11-06 06:25:47
241,Scott Shields,james27@example.com,2021-07-22 09:47:36
242,Jessica Dickson,joycejones@example.com,2020-06-24 19:24:54
243,Steven Morrison,lisawilliams@example.org,2024-08-07 17:30:24
244,Jesse Moore DDS,michelle96@example.net,2019-10-01 08:14:22
245,Raymond Johnson,ggreen@example.org,2021-02-21 06:51:57
246,Steven Jackson,juan13@example.org,2019-09-14 16:44:18
247,Mary Shannon,howelldavid@example.org,2024-05-09 02:39:00
248,Susan Peterson,nathaniel33@example.net,2020-12-01 18:30:48
249,Michelle Delgado,morganlee@example.org,2020-05-05 17:34:31
250,Colleen Vargas,newtonmichael@example.org,2024-01-06 00:25:52
251,Matthew Williams,kevin51@example.net,2020-04-21 06:55:58
252,Phillip Reese,william11@example.org,2021-06-25 14:45:10
253,Alexander Kelly,pottsmelissa@example.net,2022-04-27 20:28:05
254,Timothy Bond,cassandra58@example.org,2019-11-14 16:33:25
255,Geoffrey Bishop,robersonmaurice@example.com,2019-08-26 10:00:35
256,Michelle Morrison PhD,rhansen@example.net,2024-04-26 14:11:15
257,David Middleton,woodsalison@example.org,2022-04-17 00:21:09
258,Jerry Kennedy,whiteapril@example.org,2020-08-28 18:00:36
259,Crystal Anderson,julierose@example.net,2023-09-19 11:41:35
260,Christopher Burton,ryan62@example.com,2021-10-13 15:06:03
261,Keith Christian,cameronwagner@example.org,2020-12-31 07:12:48
262,Brandon Woodard,vpearson@example.com,2020-07-20 00:52:48
263,Cheryl Patel,williamseric@example.net,2024-08-13 01:48:55
264,Pamela Compton,rhodesaaron@example.net,2022-05-13 14:05:11
265,Devin Horne,iashley@example.org,2020-04-21 01:23:54
266,Kenneth Sampson,davismadeline@example.net,2024-06-01 14:57:44
267,Kimberly Moore,ohuerta@example.com,2024-04-25 11:17:24
268,Jeremy Barry,lflores@example.org,2022-04-22 18:33:25
269,Joseph Moore,melanie53@example.org,2022-12-24 04:36:45
270,Monica Swanson,emily43@example.net,2020-08-25 00:28:58
271,Margaret Grimes,gregorygarrison@example.com,2024-03-06 11:26:35
272,Shirley Stone,vincent78@example.net,2019-12-12 23:22:36
273,Nicole White,nmorris@example.com,2021-09-17 23:43:58
274,Stephanie Meyers,sbarnes@example.org,2022-03-14 21:15:11
275,Michelle Velasquez,jesushayes@example.org,2019-10-24 20:00:19
276,Kenneth Montoya,emilyross@example.org,2021-07-07 08:05:35
277,Mary Goodwin,deannamoss@example.com,2020-11-17 09:04:00
278,Philip Hudson,katrinaburgess@example.net,2019-09-26 17:26:16
279,Kathleen Ross,jterry@example.net,2022-09-06 20:34:13
280,Janet Simmons,arnoldvernon@example.net,2021-07-28 07:16:12
281,Brittney White,mcfarlandbonnie@example.org,2023-03-31 10:27:47
282,Nancy Garner,jefferyking@example.org,2021-03-10 17:27:22
283,Ernest Howard,jesushendrix@example.com,2023-08-24 16:23:50
284,Nicole Hester,marshallharry@example.com,2021-11-23 00:58:57
285,Sarah Palmer,michelle74@example.com,2023-12-01 11:48:40
286,Mary Austin,hunterstephanie@example.com,2022-05-05 19:29:03
287,Christian Fuller,mcrane@example.net,2021-02-21 09:08:26
288,James Young,triciamyers@example.com,2024-04-02 16:24:50
289,Lee Jones,brookskenneth@example.com,2023-04-10 18:01:49
290,Michael Taylor,davidschroeder@example.net,2023-10-05 08:51:04
291,Lisa Pierce,cory84@example.com,2023-08-31 02:24:02
292,Christine Hart,kbishop@example.org,2019-12-13 20:21:12
293,Kim Woods,piercedaniel@example.net,2020-08-25 14:45:34
294,Alex Petersen,rmcgee@example.com,2022-12-15 19:41:43
295,Bryan Johnson,austin43@example.org,2023-04-07 16:36:59
296,David Hale,ttorres@example.net,2024-01-12 13:17:01
297,Adam Rodriguez,jamesbrown@example.org,2022-09-01 15:00:13
298,Shawn Trevino,rachelcarter@example.org,2021-10-07 11:35:58
299,Molly Jones,jeffreycoffey@example.net,2022-05-20 21:13:28
300,Mark Welch,joshuaward@example.net,2023-10-05 11:19:25
301,Melissa Kidd,ericaolson@example.net,2020-05-03 12:11:27
302,Mr. Brandon Mccoy,luispowell@example.org,2022-09-19 06:05:38
303,William Shields,ibanks@example.org,2022-10-01 13:53:56
304,Daniel Perkins,kristincampbell@example.net,2019-10-26 23:56:39
305,Carl Davis,timothycarter@example.com,2021-06-17 02:23:43
306,Nicole Morgan,bobby33@example.org,2021-10-16 06:16:19
307,William Lynch,sandralopez@example.com,2023-01-31 21:43:48
308,Maria Palmer,ratkins@example.org,2021-11-21 15:07:19
309,George Reyes,jessicamorrison@example.net,2021-02-18 23:09:43
310,Sharon Bryan,ambermccormick@example.net,2024-08-14 17:56:33
311,Krista Guzman,melissapeterson@example.net,2024-05-31 04:41:07
312,Mr. Brian Cortez,emckay@example.org,2023-03-08 23:30:49
313,Marissa Walton,epage@example.net,2024-07-27 05:01:22
314,Stephanie Acosta,robertglenn@example.com,2020-09-23 20:43:49
315,Sabrina White,jenniferhenderson@example.com,2024-02-13 11:36:44
316,Michael Lane,shermanjesse@example.net,2021-10-20 10:33:59
317,Patrick Perez,ernesthubbard@example.org,2023-03-09 15:33:54
318,Meghan Campbell,warnerchristopher@example.net,2020-10-07 11:26:06
319,Darren Oconnor,kellyknapp@example.net,2024-08-14 09:40:33
320,Angela Powers,ray69@example.org,2021-03-05 17:30:25
321,Sarah Franklin,georgemiller@example.org,2020-12-17 08:56:23
322,Jeffery James,jjohnson@example.com,2019-10-05 14:07:16
323,Lisa Carlson,rbarnes@example.org,2019-08-30 07:18:11
324,Maria Clements,falvarez@example.org,2020-11-01 03:20:15
325,Christopher Garrison,tshields@example.org,2023-05-18 02:01:13
326,David Dougherty,adonaldson@example.com,2024-08-19 15:41:00
327,Benjamin Flores,christina76@example.org,2023-08-14 01:21:12
328,Craig Rodriguez,yscott@example.com,2024-01-26 21:55:29
329,Christina Graham,brett74@example.com,2022-04-18 15:30:29
330,Ms. Amber Jenkins,marktorres@example.com,2020-10-06 20:13:28
331,Katelyn Lopez,tara17@example.net,2020-06-25 13:05:39
332,Mackenzie Scott,michelle57@example.org,2024-02-26 03:53:57
333,David Moss,johnsoncody@example.net,2021-02-10 03:43:27
334,Diana Martinez,ssmith@example.com,2024-02-02 16:37:41
335,Latasha Cruz,arianapacheco@example.org,2020-07-25 16:26:11
336,Zachary Arnold,ryanbell@example.net,2021-04-28 10:29:23
337,Mitchell Steele,robyn93@example.org,2021-04-28 21:47:54
338,Jessica Donovan,lynnjackson@example.com,2021-02-19 03:16:10
339,Wesley Schmidt,fosterjerry@example.com,2022-04-05 16:42:02
340,Danielle Barber MD,billy21@example.com,2023-02-13 12:32:47
341,Joseph Jackson,hillheather@example.org,2022-07-16 09:00:41
342,Elizabeth Williams,rodney26@example.org,2022-04-03 05:15:06
343,Denise Haley,erica03@example.org,2022-06-08 21:17:49
344,Haley Graves,denise01@example.net,2020-07-05 18:26:27
345,Loretta Martinez,george45@example.org,2023-04-17 23:14:57
346,William Torres,kristina38@example.org,2022-08-06 07:46:26
347,Stephen Patel,jason61@example.net,2023-02-14 14:55:12
348,Kristy Welch,wgomez@example.net,2021-06-11 01:36:29
349,Ellen Waters,cameronjohnson@example.com,2019-12-14 02:57:08
350,Donna Montes,josephbell@example.com,2021-08-28 22:22:51
351,Scott Page,kallison@example.com,2021-05-03 05:00:12
352,Ashley Buck,smithmatthew@example.org,2023-01-23 20:14:46
353,Dakota Jones,tiffanykelley@example.net,2021-03-22 21:00:38
354,Kristopher Martin,david11@example.com,2021-05-14 07:03:04
355,Melanie Gardner,adeleon@example.org,2020-11-28 11:43:56
356,Anthony Kelly,mtate@example.com,2022-10-24 20:07:52
357,Michelle Cook,emartin@example.net,2021-04-17 03:40:27
358,Lauren Drake,xochoa@example.com,2022-09-15 04:16:37
359,Brian Hanson,hoodjoseph@example.org,2023-01-01 14:15:18
360,Dustin Estrada,bfernandez@example.com,2023-01-19 15:59:16
361,Annette Wright,kristinkelly@example.org,2024-06-21 02:09:05
362,Richard Espinoza,jameshoffman@example.org,2021-07-22 04:05:23
363,Joshua Foster,geoffrey80@example.com,2024-02-07 23:46:15
364,Johnathan Perry,xsanchez@example.net,2023-02-03 09:57:40
365,Joyce Armstrong,caitlyn50@example.org,2019-11-05 14:52:56
366,Michael Smith,harrisaustin@example.net,2020-03-21 16:09:12
367,Annette Marshall,perezalexis@example.org,2023-10-13 19:18:48
368,Michael Powell,saramartin@example.org,2019-12-13 16:56:24
369,Elizabeth Schwartz,hernandezmichael@example.net,2023-10-02 20:26:53
370,Maria Jones,miguelstevens@example.com,2023-12-23 12:11:13
371,Jeffrey Espinoza,asmith@example.com,2022-12-12 03:46:59
372,Daniel Brock,thomasjackson@example.org,2020-05-04 06:15:50
373,Leroy Davis,angelamcintyre@example.net,2019-10-23 20:17:12
374,Taylor Johnson,teresa92@example.org,2021-07-17 09:40:11
375,Tyler Smith,rgross@example.com,2022-09-18 12:50:15
376,Crystal Sullivan,millerryan@example.com,2021-12-26 20:50:14
377,Steven Rosales,jorgemoreno@example.net,2024-06-16 02:17:47
378,Timothy Burton,angela38@example.com,2020-01-17 03:25:26
379,Courtney Cook,richard42@example.net,2023-05-26 15:39:37
380,Sheila Nicholson,dmcclure@example.net,2023-08-27 16:34:00
381,Danielle Smith,robincervantes@example.net,2024-03-05 02:03:28
382,Juan Drake,kellyphilip@example.net,2024-03-13 16:21:18
383,Jennifer Schultz,michellewatkins@example.org,2023-05-14 14:00:38
384,Willie Rodriguez,imcpherson@example.net,2024-01-13 02:03:27
385,Kenneth Andrade,iwalters@example.com,2023-06-28 20:15:21
386,Angela Cervantes,kevin86@example.net,2021-07-12 06:57:35
387,Theresa Haas MD,cobbmarissa@example.org,2024-08-05 12:55:09
388,Zachary Contreras,christinachapman@example.com,2024-07-22 18:30:51
389,Lee Richardson,pattersonheather@example.com,2023-07-03 11:45:05
390,Anthony Gibson,qbranch@example.org,2020-12-11 10:17:49
391,Benjamin Acosta,jacquelineschultz@example.net,2020-07-09 12:23:16
392,Debra Smith,dwallace@example.com,2023-02-05 18:54:37
393,Mariah Miller,johnnymitchell@example.net,2019-10-05 07:39:32
394,Charles Weeks,mcfarlanddaniel@example.net,2021-03-12 06:52:13
395,Megan Wang,juanwood@example.com,2020-11-17 03:03:38
396,Mrs. Amy Escobar MD,ronalddiaz@example.net,2023-02-15 01:15:05
397,Michael Bradford,aortiz@example.org,2020-04-20 12:30:14
398,James Lee,andreabrown@example.com,2022-08-12 11:04:17
399,George Hamilton,flarson@example.com,2023-12-22 02:07:22
400,Michelle Flores,joseph39@example.org,2022-11-04 01:23:05
401,Alexander Hendricks,tyler21@example.org,2019-09-06 05:00:53
402,John Ford,kennethwhite@example.org,2019-10-16 10:45:03
403,Colin Myers,mark48@example.net,2021-08-21 19:47:09
404,Brittany Bailey,thompsonscott@example.com,2023-11-21 10:51:50
405,Donald Perez,christina25@example.org,2021-12-15 01:10:52
406,Scott Castillo,gerald99@example.org,2020-06-23 22:19:28
407,Ricky Hess,agreer@example.org,2021-10-23 07:11:10
408,Isabella Davis,jeffrey26@example.org,2023-01-21 00:33:43
409,Robert Powell,charles62@example.com,2020-07-16 06:10:28
410,Richard Smith,lwilliams@example.org,2020-04-17 15:53:09
411,Brenda Alvarez,florescorey@example.net,2021-04-28 14:26:40
412,Martin Collins,echarles@example.org,2023-01-09 18:10:36
413,Savannah Lopez,hmorgan@example.org,2019-10-13 20:30:22
414,Karen Riddle,susanbrown@example.org,2024-04-07 06:46:25
415,Becky Kim,cervantesrebecca@example.com,2019-10-25 22:00:37
416,Andrew Armstrong,qbennett@example.net,2022-10-03 01:39:33
417,Katherine Vargas,allenbrenda@example.net,2021-11-02 01:46:08
418,Sharon Madden,katherine77@example.com,2020-08-17 11:34:56
419,David Perez,brittany65@example.org,2022-12-03 22:33:38
420,Robin Hull,johnsonjonathan@example.org,2021-10-23 06:18:34
421,Gary Hayes,ekerr@example.net,2022-11-22 01:02:42
422,Allison Friedman,sharon62@example.com,2023-06-29 16:59:00
423,Jessica King,warrenjoseph@example.com,2021-10-25 20:34:59
424,Kayla Yoder,tonya75@example.org,2022-12-31 04:04:24
425,Mr. Kevin Garcia PhD,rkrause@example.com,2020-08-02 07:20:52
426,Antonio Mcneil,gutierrezregina@example.net,2022-12-24 16:46:45
427,Ray Taylor,mendozatara@example.net,2023-02-23 09:14:07
428,Elaine Todd,ekemp@example.org,2021-03-13 13:56:33
429,Danielle Sanchez,barrkaren@example.org,2021-11-21 01:59:57
430,Daniel Ward,lisajones@example.net,2020-06-15 18:52:29
431,Robert Baker,nathaniel86@example.com,2022-10-08 13:22:19
432,Tina Ruiz,pvilla@example.org,2023-12-29 15:58:07
433,Amy Clarke,bushmaria@example.net,2022-05-28 03:18:15
434,Stacy Carter,phaas@example.net,2023-01-29 15:14:13
435,Briana Hanson,harringtonkevin@example.org,2023-01-14 10:58:39
436,Alyssa Patel MD,huffashley@example.org,2022-01-05 18:31:47
437,Ariel Avila,andreamiller@example.org,2023-12-28 20:14:26
438,Lauren Nelson,sbaxter@example.net,2023-07-31 12:36:05
439,Nicole Adams,ryan65@example.org,2021-09-21 20:54:38
440,Walter Long,taylor23@example.org,2024-06-28 12:00:11
441,Dr. Carla Carter MD,vperry@example.net,2020-10-04 04:42:34
442,Jeffery Fields,joanne66@example.net,2022-08-17 17:26:05
443,Andrew Ramirez,hammondmichael@example.org,2020-05-10 03:29:18
444,Cynthia Perez,gina94@example.org,2021-10-17 01:17:01
445,Ryan Hudson,jcoleman@example.com,2023-07-17 05:36:34
446,Yolanda Estrada,lawrenceross@example.com,2021-01-30 12:47:46
447,Allison Lewis,timothyvega@example.net,2019-10-28 10:59:28
448,Kathleen Evans,waltersjon@example.net,2021-12-11 15:03:32
449,Norman Estrada,ldavis@example.com,2020-04-14 16:21:21
450,Kurt Simmons,ebryant@example.com,2024-02-18 22:45:00
451,Samantha Tanner,antoniobrock@example.net,2022-10-16 07:05:37
452,Brandon Williamson,joshuacastro@example.org,2019-11-24 22:41:04
453,Brittany Davis,whitedavid@example.org,2021-02-22 04:41:28
454,Angel Hart,sanchezjustin@example.net,2021-11-13 03:53:54
455,Matthew Oconnell,ricediamond@example.net,2022-04-24 00:19:44
456,Roger Levy,cynthiavargas@example.com,2020-10-22 20:04:25
457,Brian Mcdonald,robertharmon@example.com,2024-05-21 03:02:25
458,Dustin Rogers,franceshoward@example.com,2022-02-13 06:08:11
459,Rachel Taylor,johnsonjason@example.com,2022-10-31 20:57:52
460,Dana Tran,monica31@example.org,2022-01-12 15:02:59
461,Lindsey Griffin,toddrobert@example.net,2019-11-30 17:38:29
462,Chelsea Smith,kwiley@example.com,2020-10-11 00:14:45
463,Jacqueline Higgins,james81@example.net,2022-03-22 20:03:40
464,Sean Buchanan,williamsvincent@example.com,2019-09-05 01:29:14
465,Jessica Ramsey,sancheztheresa@example.net,2021-07-29 01:00:36
466,Robin Snow,jeffreygreen@example.net,2021-01-15 15:16:27
467,William Gomez,debrabailey@example.net,2022-01-05 06:05:35
468,David Myers,zhamilton@example.com,2021-05-16 02:42:17
469,Christopher Villa,saunderstanya@example.net,2024-06-17 06:21:01
470,Heather Hunter,prandall@example.org,2022-11-27 10:23:49
471,Amanda Hughes,raywesley@example.org,2019-10-30 07:49:46
472,Jennifer Noble,mannjoseph@example.org,2021-12-24 00:58:00
473,Elizabeth Gill,sarahberg@example.org,2021-07-14 22:28:35
474,Caitlin Kane,phillipschristine@example.net,2021-05-09 04:07:47
475,Wesley Miller,khawkins@example.com,2024-04-14 03:02:53
476,Jonathon Barry,ejames@example.com,2022-10-25 02:10:29
477,Christian Ibarra,achristensen@example.com,2024-06-13 02:23:09
478,Sandra Norris,cummingsjohn@example.org,2022-03-04 16:12:42
479,Jessica Schwartz,williamscolin@example.com,2021-07-23 05:32:01
480,Gary Mcdonald,tday@example.net,2022-01-01 11:12:32
481,Allison Turner,watersvictoria@example.com,2022-12-03 14:51:27
482,Amy King,timothy71@example.org,2019-10-24 05:17:40
483,Patrick Pruitt,amber00@example.net,2024-06-13 06:59:54
484,Laura Gonzalez,omorris@example.net,2020-05-17 22:45:00
485,Dustin Kemp,kellyjones@example.net,2021-03-25 19:33:14
486,Joseph Cantu,wallkevin@example.com,2022-07-02 19:15:15
487,David Pollard,crawfordbrianna@example.org,2023-09-06 11:09:35
488,Richard Rice,tracyferrell@example.com,2023-06-27 12:54:26
489,Robert Jordan,kristagordon@example.com,2023-12-11 01:07:46
490,Tracy Hudson,campbelljennifer@example.org,2023-07-26 21:34:30
491,Ricky Newton,jennifer30@example.net,2023-05-16 08:05:20
492,Heather Martinez,smithbrian@example.net,2021-07-02 18:49:14
493,Brian Zimmerman,patrickhall@example.com,2019-10-13 00:55:54
494,Carol Curry,tom78@example.net,2023-03-14 23:09:22
495,Mathew Jenkins,tarahuber@example.com,2023-04-12 06:12:15
496,David Hughes,johnsonelizabeth@example.com,2021-11-03 15:59:50
497,Christopher Larson,kprice@example.org,2022-08-30 21:34:18
498,Ann Garrett,norrismichael@example.org,2022-02-03 00:39:31
499,Joanna Huber,christinataylor@example.com,2023-02-13 18:34:39
500,Jessica Taylor,zbates@example.org,2020-04-29 19:47:07
501,Matthew Gonzalez,hamptonernest@example.net,2023-12-23 15:19:00
502,John Cruz,rorozco@example.net,2020-01-01 12:21:31
503,Casey Butler,drichardson@example.com,2020-06-16 14:36:54
504,Patrick Rodriguez,kmiddleton@example.org,2020-05-04 10:58:05
505,Anne Lee,esmith@example.com,2022-07-25 17:59:52
506,Teresa Ward,jasminevalencia@example.org,2021-03-25 19:55:43
507,Keith Guerrero,katherinehenderson@example.net,2019-12-14 20:08:05
508,Steven Barnes,evansjack@example.net,2024-04-03 05:54:31
509,Nathan Martin,gregoryclark@example.net,2020-11-22 04:45:57
510,Taylor Cook,adam48@example.net,2021-02-20 14:06:09
511,Rebecca Gregory,lorettaflores@example.com,2023-11-21 04:26:19
512,Ian Harrington,samanthawilliams@example.org,2022-05-19 14:01:09
513,Amanda Allen,kmarshall@example.com,2020-10-15 09:45:43
514,Anthony Singleton,rebeccahardy@example.com,2021-02-22 03:54:47
515,Shawn Williams,allen00@example.org,2023-02-01 04:53:56
516,Lori Meyer,mcdowellstephen@example.org,2023-12-27 14:49:30
517,Clayton Luna,cynthia18@example.com,2023-05-08 06:54:45
518,Cynthia Martinez,gonzalesraymond@example.org,2021-07-15 21:39:20
519,Gabriel Pratt,watsonleon@example.com,2022-03-18 14:55:37
520,Kayla Vasquez,melissa18@example.net,2022-04-06 12:20:33
521,Jason Thompson,anita98@example.org,2020-12-13 00:39:26
522,Danielle Sanders,paula86@example.com,2024-07-17 17:47:19
523,Gary Flowers,antonioramirez@example.org,2024-08-05 01:43:29
524,Lisa Mullins,lberg@example.org,2022-10-06 15:18:02
525,Tyler Graves,amy90@example.net,2023-11-01 23:54:09
526,Mark Phillips,rking@example.com,2021-07-19 03:06:15
527,Marc Harrison,christopherglenn@example.net,2020-08-23 18:41:19
528,Paul Wright,adam11@example.org,2021-05-12 15:45:03
529,Jonathan Dunn,michellesmith@example.org,2019-11-15 15:56:04
530,Angela Perez,priscillahansen@example.com,2021-08-10 04:07:43
531,Theresa Love,theresa51@example.net,2020-06-22 21:22:55
532,John Phillips,christinaclark@example.net,2022-03-11 11:09:14
533,Sean Dominguez MD,michael25@example.net,2024-03-09 08:09:31
534,Monica Duncan,sherry71@example.org,2020-05-30 07:41:30
535,Joshua Wood,dbutler@example.org,2021-09-17 10:43:16
536,Julia Trujillo,daniel31@example.com,2022-09-28 01:10:06
537,Jeffrey Rosales,ykennedy@example.org,2020-10-29 07:08:04
538,Tonya Shannon,jalvarado@example.net,2021-09-21 23:46:55
539,Jenna Gregory,meganrobertson@example.net,2021-09-02 19:51:07
540,Jason Reyes,ericbest@example.com,2023-05-12 03:20:40
541,Jodi Garcia,snorton@example.com,2020-03-03 19:12:16
542,Chelsey Jones,tking@example.net,2023-01-02 08:00:12
543,Lance Hurst,mackenzieallen@example.com,2022-12-02 00:38:06
544,Margaret Williams,vmiranda@example.com,2022-11-11 07:48:55
545,Crystal Casey,andrewferguson@example.com,2023-04-18 05:22:16
546,Carolyn Davis,jennifer29@example.org,2020-03-14 21:43:08
547,Paul Black,beardbeverly@example.net,2023-01-20 01:35:21
548,Stacy Leon,mitchell03@example.com,2020-03-22 00:13:45
549,Rhonda Brown,pearsonwendy@example.org,2020-06-08 01:14:48
550,Julie Buchanan,frankallen@example.com,2021-03-19 09:37:02
551,Derek Sanchez,yford@example.net,2022-02-24 13:46:21
552,Shawn Hale,francisco59@example.org,2024-05-22 09:24:29
553,Tiffany Martin,pagerobert@example.com,2022-08-26 13:34:44
554,Danielle Phelps,jamesmichele@example.org,2024-01-07 23:08:00
555,Jordan Stevens,george12@example.net,2021-04-07 10:52:11
556,John Walsh,ahoward@example.org,2021-02-04 22:35:57
557,Mark Roberts,jenniferromero@example.org,2022-08-30 13:42:13
558,Dawn Howard,angela95@example.org,2022-11-21 21:47:16
559,Kathy Jackson,hooveramanda@example.net,2021-07-07 10:05:44
560,Megan Fox,parkchristine@example.com,2021-05-05 18:57:48
561,Debra Escobar,crawfordkim@example.org,2020-01-06 04:47:53
562,Holly Walker,natasha74@example.net,2024-08-16 20:26:01
563,Casey Hawkins,erin34@example.org,2020-01-26 16:01:10
564,Marcus White,johnsonaustin@example.net,2021-12-20 03:08:44
565,Wanda Schmidt,richardgreen@example.org,2023-02-08 15:00:31
566,Jessica Hill,lori73@example.net,2020-09-13 00:46:30
567,Kristina Miller,melissa18@example.net,2024-05-28 13:30:40
568,Lauren Arnold,samantharodriguez@example.org,2022-08-03 10:14:22
569,William Mendez,joannepearson@example.com,2020-02-05 12:55:00
570,Adam Clark,jenniferflynn@example.com,2023-05-08 15:11:09
571,Daniel Thomas,collin13@example.com,2021-05-13 03:35:45
572,Anthony Hunt,tamaramccall@example.org,2024-08-19 07:34:33
573,Jessica Robbins,shannon63@example.net,2022-07-20 23:48:14
574,Scott Davis,donna05@example.net,2022-05-25 19:54:15
575,Derek Jackson,juanjohnson@example.com,2020-07-19 09:03:32
576,Cody Mcmillan,jensentammy@example.com,2022-10-14 08:32:09
577,Mr. Zachary Neal,davidjenkins@example.net,2020-12-30 00:10:35
578,Andrea Taylor,gonzalezkevin@example.com,2023-09-06 21:11:18
579,Jason Padilla,shannon44@example.com,2021-02-20 20:08:56
580,Sara Roth,pamela38@example.net,2020-05-02 15:41:06
581,David Nelson,smithjennifer@example.com,2022-12-05 23:43:57
582,Jacqueline Hayes,austingarrett@example.com,2022-02-14 22:51:47
583,Kelly Walton,amandaroberts@example.net,2022-08-04 14:25:20
584,Angie Turner,perezcatherine@example.com,2021-08-14 02:06:02
585,Melinda Wood,john59@example.net,2023-02-12 15:27:10
586,Jamie Pitts,ellisonjose@example.org,2023-09-02 13:50:20
587,Zachary Torres,barreraemily@example.com,2021-01-24 11:31:45
588,Roger Valencia,aking@example.com,2020-08-12 22:57:20
589,James Valencia,shanespencer@example.org,2022-03-29 16:31:31
590,David Nelson,chavezamber@example.org,2021-02-28 11:44:58
591,Andrew Jenkins,leejeffrey@example.org,2022-07-01 09:50:07
592,David Coleman,dawnfitzgerald@example.net,2019-12-22 23:02:27
593,Todd Watkins,jvalencia@example.org,2020-09-28 17:31:01
594,Jacqueline Cameron,christina26@example.net,2024-01-25 06:00:39
595,Samantha Richard,christina24@example.com,2023-07-03 14:19:21
596,Brian Davis,nancy80@example.com,2019-10-17 01:04:57
597,Jennifer Mccarthy,martinjesse@example.org,2022-03-29 08:58:58
598,Denise Garcia,caitlinrobinson@example.com,2020-08-26 18:42:00
599,Jose Montoya,samuelperez@example.com,2023-10-16 11:51:53
600,Deanna Buckley,mreese@example.org,2020-07-10 19:33:05
601,Jasmin Guerrero,fparker@example.org,2023-05-10 05:13:38
602,Chad Turner,kellynancy@example.org,2020-02-21 05:28:48
603,Dillon Mills,vanessa93@example.org,2020-09-14 09:22:45
604,Tammy Larson,vasquezkimberly@example.net,2020-10-22 14:24:51
605,Gina Edwards,farleymark@example.com,2023-04-23 18:20:06
606,Teresa Donovan,davisscott@example.com,2021-04-08 04:27:32
607,Donald Vance,francisnathan@example.org,2024-06-03 17:46:17
608,Brad Church,rossjennifer@example.com,2022-02-28 14:38:44
609,Justin Clark,wolfmatthew@example.net,2022-12-03 04:22:02
610,Joshua Raymond,mpowers@example.net,2022-05-25 05:51:18
611,Rachel Warner,allenjasmine@example.net,2022-04-21 07:40:25
612,Robert Johnson,jamesalvarez@example.com,2019-10-17 22:47:31
613,Alyssa Patterson,carlsonkeith@example.net,2022-12-28 15:06:03
614,Rachel Bowman,jonathon22@example.com,2023-10-28 11:41:46
615,Sharon Cook,nicoleatkins@example.com,2021-02-17 23:15:18
616,Allison Richards,ycampbell@example.org,2019-09-27 09:26:31
617,Jesus Christensen,carmenwarren@example.com,2023-07-16 10:02:38
618,Mr. Thomas Reyes PhD,markgonzalez@example.net,2021-04-18 16:18:51
619,Kenneth Wu,beckymack@example.com,2022-04-05 14:17:31
620,Janet Hebert,snydernicole@example.com,2024-02-13 13:33:42
621,Keith Lane,jason75@example.org,2022-09-09 18:59:35
622,Julie Alexander,donaldnelson@example.org,2020-07-21 03:54:04
623,Kimberly English,smithbrian@example.net,2023-12-28 07:38:10
624,Mia Thomas,jenniferwelch@example.com,2024-07-10 22:53:20
625,Leonard Gallagher,williamshelton@example.net,2020-08-15 21:33:43
626,Sherry Beasley,marybrown@example.com,2021-06-26 16:24:36
627,Michael Miller,wangkenneth@example.net,2023-06-30 12:45:34
628,Eric Thompson,julia90@example.org,2023-08-03 04:57:34
629,Amanda Bryant,robert51@example.org,2024-07-28 18:31:19
630,Anthony Dennis,tamarahogan@example.org,2023-07-08 06:38:09
631,Alicia Flynn,monicamorales@example.net,2022-01-15 02:38:48
632,Marilyn Murphy,philiphoward@example.net,2021-11-12 07:44:33
633,Leslie Boyd,kristy97@example.org,2024-05-20 01:35:08
634,Kathryn Welch,jacqueline63@example.org,2021-10-30 07:41:54
635,Jennifer Russell,brittany84@example.com,2021-03-29 18:47:48
636,Darren Sullivan,gutierreztravis@example.com,2021-10-22 05:14:51
637,Phillip Mendoza,othompson@example.com,2021-09-28 15:59:45
638,Nicholas Mccoy,sherrybradford@example.org,2021-05-03 00:10:33
639,Christopher Lopez,melanie11@example.com,2020-01-28 21:07:38
640,Brady Rogers,vcole@example.net,2023-11-15 12:16:56
641,Gina Edwards,arthur49@example.org,2021-02-26 19:52:54
642,Janet Murphy,nicoledickson@example.net,2023-01-16 07:41:44
643,George Curtis,williamsshawn@example.org,2021-12-06 10:47:59
644,Mr. Kyle Horn,rwoods@example.com,2024-02-20 23:55:30
645,Monica Barker,veronica28@example.org,2024-01-01 00:19:00
646,Carrie Thompson,sonia43@example.net,2023-04-25 19:53:14
647,Christopher Shelton,richard70@example.net,2022-08-01 20:10:20
648,Jennifer White,david50@example.net,2022-04-24 09:05:57
649,Christopher Williams,robinsonsandra@example.com,2021-09-11 16:44:32
650,Luke Fox,julie46@example.org,2024-08-15 11:50:28
651,Kevin Price,brownhayden@example.net,2022-02-23 03:26:03
652,Joanna Morris,boydjorge@example.net,2020-04-01 05:00:34
653,Joseph Blackwell,lucaskirsten@example.com,2020-12-21 02:03:49
654,Donald Ross,michael41@example.net,2021-04-10 10:41:35
655,Michael Ramirez,julie62@example.net,2020-10-03 10:27:25
656,Frederick Schroeder,yolandaandrade@example.org,2021-02-09 07:53:02
657,Ashley Grant MD,olsonamanda@example.net,2020-06-05 10:15:41
658,Miranda Hamilton,ajohnson@example.org,2024-04-04 12:30:49
659,Kevin Wood,ysmith@example.net,2019-09-05 16:18:12
660,Bailey Hopkins,opatterson@example.org,2023-08-29 19:14:35
661,Jared Rodriguez,jeanpatton@example.com,2023-02-22 07:03:28
662,Juan Martin,james83@example.net,2020-08-22 11:41:29
663,Erin Lane,myersbenjamin@example.org,2020-04-18 11:15:42
664,Corey Vincent,rebecca03@example.com,2022-05-08 10:34:45
665,Mary Thompson,owoods@example.org,2023-07-07 12:24:52
666,Brenda Barr,johnsonalan@example.org,2021-06-30 11:52:09
667,Stephanie Aguirre,jcarr@example.org,2024-08-22 05:49:51
668,Jessica Simmons,melanie68@example.org,2019-09-25 14:13:17
669,Jose Delacruz,jeffery52@example.org,2021-08-14 09:53:29
670,Alan Baxter,terri80@example.com,2023-04-18 05:46:43
671,Robin Hernandez,elyons@example.com,2024-03-12 15:01:42
672,Jessica Cochran,martinezjohn@example.net,2019-12-17 05:12:09
673,Katie Smith,marcus98@example.com,2021-11-09 02:55:36
674,Mr. Donald Woods DDS,ahoffman@example.com,2022-05-06 23:20:17
675,Wendy Dean MD,twilliams@example.com,2023-03-18 01:38:04
676,Emma Rush,rmurphy@example.com,2020-09-21 10:34:29
677,Todd Tran,pmorgan@example.com,2021-01-29 02:37:34
678,Deborah Jones,cynthialeonard@example.com,2022-09-22 16:13:45
679,Robert Orozco,bcooper@example.com,2020-10-20 18:05:46
680,Joyce Miller,awells@example.com,2019-10-19 02:08:22
681,Lauren Taylor,thomasjefferson@example.net,2022-03-08 18:35:28
682,Courtney White,eatondeborah@example.org,2023-09-01 04:39:41
683,Jeremiah Gibson,jeremyjames@example.net,2023-03-16 06:09:30
684,Roberto Fowler,nicholas42@example.com,2022-07-23 20:25:51
685,Jonathan Gill,staylor@example.org,2021-12-26 16:54:47
686,Yvonne Phelps,petersamanda@example.net,2020-03-06 18:12:12
687,Jacob Rodriguez,jennifer38@example.net,2023-11-05 01:00:37
688,Anne Guerrero,griffinjoseph@example.org,2019-10-22 07:24:25
689,Curtis Young,acostaeric@example.org,2022-07-11 10:26:10
690,Gloria Allen,utanner@example.net,2022-10-24 11:08:49
691,Leslie Smith,john28@example.org,2023-07-01 14:51:29
692,Lisa Roth,teresajimenez@example.net,2022-12-25 12:06:37
693,Christina Mcmahon,joseph65@example.com,2024-03-17 00:11:19
694,Calvin Vang,floresbrent@example.com,2020-12-24 06:05:01
695,Eric Cardenas,llopez@example.org,2023-05-21 21:58:00
696,Jordan Gray,jamesyoung@example.com,2021-12-13 13:31:32
697,Mark Lawrence,tammy54@example.org,2022-08-22 01:30:46
698,Dr. Andrew Weaver,churchthomas@example.org,2021-09-29 21:35:57
699,Stacy Weiss,longjessica@example.net,2023-11-12 20:15:01
700,Melissa Berry,wardmarcus@example.com,2023-03-05 10:51:53
701,Nicholas Gonzalez,samuel75@example.com,2021-08-05 17:16:21
702,Holly Williams,jessica32@example.net,2021-07-08 21:38:04
703,Diana Martinez,christopherjones@example.com,2024-05-12 22:28:07
704,Michael Perry,brettbecker@example.com,2020-11-22 02:41:02
705,Brittney Gomez,karamartinez@example.net,2022-02-16 07:34:25
706,Traci Glass,brianmartinez@example.org,2020-12-29 10:53:37
707,Sarah Brown,lesliehunt@example.net,2022-08-11 23:34:38
708,Brian Curtis,christina89@example.org,2020-06-03 07:17:25
709,Mr. James Joseph,griffincarrie@example.net,2024-02-01 17:35:18
710,Shane Cuevas,jacquelinesmith@example.net,2020-08-31 16:42:44
711,Patricia Jackson,blowe@example.com,2021-05-03 05:52:52
712,Taylor Scott,christinaanderson@example.net,2021-07-06 10:02:39
713,Louis Cervantes,awhite@example.com,2023-11-29 18:49:58
714,Allison Jones,josegarrett@example.com,2022-07-12 01:22:54
715,Stephanie Cooper,christopherpadilla@example.net,2023-09-27 08:01:15
716,Michael Small,connercorey@example.org,2020-05-16 20:50:04
717,John Sanders,huntjulia@example.org,2024-02-13 15:28:13
718,Tina Johnston,guerreroryan@example.com,2022-02-02 03:51:00
719,Jeanne Sullivan,hannah88@example.org,2023-10-28 20:12:59
720,Belinda White,jameschristopher@example.org,2023-06-06 12:48:30
721,Gail Miller,potterjessica@example.net,2023-12-01 16:47:10
722,Kent White,joshuahaas@example.net,2021-12-15 18:05:17
723,Nicholas Price,phillipsandrew@example.org,2021-08-17 04:27:00
724,Daniel Lewis,diane75@example.net,2020-06-27 05:30:23
725,Steven Huang,josephpayne@example.net,2021-10-31 13:52:24
726,Jill Cardenas,gloria55@example.com,2022-09-21 00:29:12
727,Jose Moreno,vtaylor@example.com,2019-09-08 20:13:37
728,Lauren Rivera,davidstrickland@example.com,2022-01-02 02:27:08
729,Stephen Ward,nicolewallace@example.org,2022-02-14 05:00:12
730,Zachary Sanchez,mortiz@example.org,2022-11-14 05:36:37
731,John Brown,vnixon@example.com,2021-04-23 08:58:59
732,Mary Valdez,washingtonrichard@example.com,2021-09-02 01:49:42
733,Donna Powell,smithmelissa@example.net,2019-11-27 04:56:12
734,Cynthia Yates,johnmorales@example.net,2020-02-06 13:24:24
735,Gary Smith MD,lauren74@example.com,2022-10-20 16:55:07
736,Timothy Jacobs,marissahaas@example.org,2023-02-11 22:26:28
737,Anthony Chandler,karenthompson@example.com,2019-09-16 21:07:34
738,Arthur Green,christopherburns@example.org,2021-10-03 15:58:43
739,Brandon Flores,christopher06@example.org,2023-03-25 22:18:05
740,Zoe Rivera,kcampos@example.org,2019-09-05 03:29:35
741,Jose Reid,katie73@example.org,2020-10-26 22:46:21
742,Pamela Allen,kimberlybishop@example.net,2022-06-19 23:39:48
743,Justin Carr,thorntonlouis@example.com,2024-02-15 18:42:01
744,Lisa Grant,aaron70@example.net,2019-10-10 20:25:14
745,Christina Clark,atucker@example.net,2021-02-11 20:37:51
746,Timothy Gray,andrew80@example.com,2022-08-19 22:09:10
747,Michael Aguirre,brian25@example.net,2024-08-21 21:11:29
748,Joshua Smith,nelsonjulia@example.net,2021-01-06 11:12:25
749,Frank Smith,millerthomas@example.net,2023-02-14 05:41:58
750,Danny Perkins,edgar82@example.com,2021-02-18 03:11:08
751,Bryan Mitchell,peter83@example.net,2022-01-30 22:02:43
752,Leslie Steele,cindylee@example.org,2024-01-26 01:38:55
753,Jackie Meyers,nreyes@example.com,2021-11-26 14:24:29
754,Diana Taylor,dale55@example.com,2023-04-03 02:59:05
755,Kristin Gaines,jenniferjohnson@example.net,2024-06-24 14:50:10
756,Whitney Henry,jeremy26@example.org,2020-02-16 17:51:32
757,Oscar Ramos,joshua46@example.org,2023-02-06 06:07:01
758,Patrick Bennett,miguel52@example.org,2020-02-25 11:05:59
759,Andrea Schmidt,marilyn52@example.net,2024-06-27 12:38:07
760,Dominic Kelley,fjohnson@example.com,2020-05-29 02:13:46
761,Nicholas Roberts,lauralloyd@example.org,2019-10-13 04:56:06
762,Diane Welch,fryan@example.com,2022-01-20 08:34:01
763,Margaret Powell,ffernandez@example.com,2020-11-16 10:38:09
764,Autumn Moore,katelyn00@example.net,2020-10-15 09:59:33
765,Brian Young,madeline39@example.net,2023-12-24 12:48:41
766,Tyler Taylor,wchavez@example.org,2024-05-29 01:18:46
767,Brian Davis,garciapamela@example.com,2021-04-09 19:05:30
768,Kelsey Kim,pgreene@example.net,2020-05-23 11:51:00
769,Debra Chase,fmcneil@example.com,2019-12-30 11:15:32
770,Tina Montgomery,anthony56@example.org,2024-07-10 09:14:15
771,Tom Krause,penningtonalexander@example.org,2022-05-16 01:12:41
772,Mark Li,chelseacannon@example.net,2024-06-22 12:37:20
773,Linda Compton,palmerrobert@example.com,2023-06-23 07:23:09
774,Amy Mcdaniel,debrahoffman@example.com,2023-03-04 10:19:24
775,Christopher Mccann,hjordan@example.net,2020-11-11 07:20:17
776,Grace West,jonathan64@example.net,2021-07-21 19:34:59
777,Lori Scott,fespinoza@example.com,2022-01-04 22:52:04
778,Omar Bowen,tiffanyhess@example.net,2019-11-18 18:20:00
779,John Stark,shawnlynch@example.com,2021-11-20 17:15:09
780,David Ortiz,dalegrimes@example.org,2021-07-17 20:14:53
781,Chad Ryan,elizabethbuchanan@example.org,2019-11-01 03:38:33
782,Ian Clark,harperrobert@example.com,2020-06-27 16:38:55
783,Maria Dawson,jonathon98@example.com,2024-07-19 03:15:41
784,Daisy Phillips,uadams@example.org,2023-10-30 18:46:42
785,Joyce Holmes,tsanders@example.org,2024-03-20 05:43:25
786,Elizabeth Smith,michaelpage@example.net,2022-09-03 02:38:26
787,Kelly Rocha,parkeralex@example.org,2023-01-01 14:04:01
788,Richard Adams,arose@example.org,2024-07-01 19:03:46
789,Tyler Baker,michael26@example.org,2023-10-02 23:58:48
790,Jimmy Dillon,thomas73@example.com,2022-09-24 03:10:58
791,Kelly Ashley,crystal99@example.com,2022-06-29 13:25:44
792,Alicia Douglas,dbarron@example.net,2022-01-01 08:55:26
793,Wendy Conrad,janet97@example.net,2020-12-07 19:17:18
794,Jacob Garcia,dlewis@example.net,2019-11-30 18:34:39
795,Travis Mclaughlin,ngarza@example.com,2020-01-28 02:10:13
796,Robert Reid,mmiller@example.net,2023-02-27 03:09:48
797,John Hebert Jr.,burkekimberly@example.net,2023-05-10 08:34:39
798,Frank Allen,christinelarson@example.net,2020-12-05 02:43:11
799,Patrick Hopkins,nbennett@example.net,2021-01-22 08:43:56
800,Nicole Burton,parkerdanielle@example.com,2019-09-09 16:24:20
801,Stephanie Nguyen,kyle25@example.org,2020-05-05 11:17:34
802,Trevor Castillo,edward34@example.com,2020-06-10 21:28:39
803,William Bass,philip76@example.net,2022-12-15 12:29:17
804,Victoria Clark,ballen@example.org,2020-12-09 19:56:57
805,Jesse Singleton,shawthomas@example.net,2022-05-25 13:02:32
806,Dr. Jonathan Stafford,christinamartinez@example.net,2023-06-29 08:07:50
807,Amy Flores,gwalker@example.org,2023-12-27 11:25:54
808,Teresa Evans,ybrewer@example.org,2022-07-20 23:44:57
809,Jeffrey Olson,duranjohn@example.org,2019-11-04 22:18:04
810,Elizabeth Miller,grantjennifer@example.org,2024-03-18 11:42:30
811,David Sparks,umeyer@example.com,2022-07-07 02:38:59
812,Betty Perry,dmartinez@example.net,2021-08-26 09:49:11
813,Katrina Ellis,qford@example.org,2021-06-14 10:32:42
814,Jacqueline Jones,manderson@example.org,2022-02-27 19:19:51
815,Timothy Nguyen,chamberskevin@example.org,2021-10-27 05:09:45
816,Samantha Freeman,angela07@example.org,2020-07-30 03:42:58
817,Edward Wilson,anna17@example.com,2020-10-23 09:58:48
818,Amanda Fritz,kelly88@example.com,2021-09-20 00:09:18
819,Russell Jackson,timothy24@example.com,2020-12-24 21:27:41
820,Kerri Goodwin,ggonzalez@example.net,2023-05-28 13:55:35
821,Ruben Miller,jacksonmary@example.net,2020-04-01 12:26:33
822,Stephanie Ayers,erichanna@example.org,2020-11-14 07:29:35
823,Cheryl Henry,smithscott@example.org,2020-04-20 06:23:28
824,Mary Miller,qjenkins@example.org,2022-10-29 12:37:35
825,Michael Miller,ysmith@example.net,2023-01-29 17:31:42
826,Mr. Dean Parks Jr.,thomasmichelle@example.org,2021-01-30 15:11:59
827,Sarah Kennedy,michael68@example.net,2021-02-07 08:38:55
828,Jerry Clay,reneedavis@example.org,2024-08-08 18:36:46
829,Darrell Perez,johnbuck@example.net,2021-12-23 09:02:40
830,Charles Perry,rharding@example.org,2023-06-10 21:20:04
831,Carolyn Walker,dswanson@example.com,2020-06-02 14:59:43
832,Jared Graham,williamrios@example.org,2021-09-20 18:08:13
833,Cassandra Jones,tranjennifer@example.net,2023-03-27 23:15:50
834,Daniel Guerra,jesse70@example.net,2020-06-13 10:33:37
835,John Burton,dortiz@example.org,2024-06-21 18:56:02
836,Raymond Hamilton,benjaminwright@example.org,2019-10-20 06:48:53
837,Ethan Lopez,katherine00@example.net,2023-11-23 00:28:15
838,Matthew Jones,michael46@example.org,2020-09-09 04:29:13
839,Maria Lynn,charlesstanley@example.com,2021-08-20 02:35:05
840,Deborah Gentry,annajones@example.com,2022-04-21 16:52:28
841,Lori Jones,angelacannon@example.net,2020-03-06 05:14:51
842,Jasmine Mitchell,qgriffith@example.net,2023-06-10 10:32:35
843,Alexander Roberts,zthompson@example.org,2022-02-09 04:08:21
844,Bonnie Ochoa,gary32@example.com,2020-04-29 05:37:45
845,Charles Mitchell,ngomez@example.com,2021-02-24 15:50:38
846,Jill Williams,bgonzalez@example.org,2024-02-26 03:59:53
847,Kenneth Williams,wvalentine@example.org,2021-03-18 02:14:20
848,Anthony Harris,barberdonna@example.net,2022-09-12 11:15:06
849,Julie Juarez,michaellang@example.com,2023-05-17 22:31:19
850,Robert Williams,cainnathaniel@example.org,2023-11-10 15:05:37
851,Nancy Miranda,riverasheila@example.net,2023-09-11 05:00:35
852,Preston Alvarez,gdelacruz@example.org,2020-06-17 18:47:12
853,Courtney Mcdaniel,lbell@example.net,2024-06-11 23:08:07
854,Bradley Buckley,valeriebowman@example.com,2023-02-19 06:21:13
855,Jenny Webb,valeriesmith@example.net,2020-12-12 08:31:18
856,Lori Taylor,kyle35@example.org,2021-01-06 03:21:36
857,Lindsey Davis,nhammond@example.com,2020-03-06 07:37:10
858,Brandon Kennedy Jr.,udorsey@example.org,2022-02-12 05:55:14
859,Alexis Beck,smithjames@example.net,2020-05-06 02:03:05
860,Susan Adams,victor13@example.net,2020-09-14 05:26:09
861,Kenneth Miller,santiagoralph@example.org,2022-11-05 14:38:20
862,Michael Smith,gbarrett@example.org,2022-12-26 22:41:41
863,Stephen Bartlett,thomasanderson@example.net,2021-04-22 08:34:13
864,Andrea Perkins,schwartzmichael@example.net,2023-03-08 16:20:43
865,Linda Rodriguez,chaneystephen@example.com,2023-01-21 00:23:11
866,Lori Ferguson,wilsondarius@example.org,2019-09-15 10:14:57
867,Ms. Michelle Lee,hoffmanantonio@example.org,2021-03-09 02:38:52
868,Anne Edwards,williamjones@example.com,2019-11-02 15:52:05
869,Tony Smith,deborah99@example.com,2019-11-07 11:34:47
870,Patrick Klein,levi85@example.com,2024-05-27 05:42:52
871,Elaine Miller,wblankenship@example.net,2023-02-25 17:40:01
872,Mark Lopez,myersfrancisco@example.org,2020-03-22 14:18:49
873,Karen Scott,chall@example.net,2024-01-19 22:41:29
874,John Navarro,patricktracey@example.com,2020-03-23 20:20:33
875,David Crane,bgonzales@example.org,2022-04-28 20:16:22
876,Ronnie Marquez,kirkfranklin@example.org,2024-02-18 07:14:48
877,Nathan Garcia,uparker@example.net,2023-08-21 06:54:44
878,Jennifer Cooper,jgomez@example.com,2022-08-03 06:49:02
879,Brian Curtis,ppruitt@example.net,2021-12-27 12:18:47
880,Alexandra Barnes,lpearson@example.net,2023-05-16 10:08:06
881,Bill Peterson,michael25@example.net,2021-12-26 01:49:38
882,Joan Schultz,vanessa34@example.net,2020-07-11 03:17:10
883,George Kramer,nbarr@example.net,2019-09-18 15:35:01
884,Susan Bonilla,jwalker@example.org,2021-01-03 18:45:40
885,Thomas White,cassandragarrison@example.com,2022-08-15 05:50:35
886,Jennifer Allen,carloskennedy@example.org,2020-07-01 22:31:09
887,Miguel Murray,albert26@example.com,2019-12-02 19:21:01
888,Lynn Frank,lisa93@example.org,2020-08-18 18:17:25
889,Michael Crawford,ohernandez@example.com,2023-03-10 21:21:05
890,Dr. Mitchell Arnold,patriciashepard@example.org,2020-09-19 21:26:48
891,Timothy Dougherty,teresabeck@example.net,2023-08-08 15:09:06
892,Rebecca Hays,lee53@example.org,2021-07-15 21:18:51
893,Denise Black,flowerskenneth@example.com,2024-08-18 16:25:15
894,Gregory Newton,vjohnson@example.net,2021-01-07 17:05:57
895,Bryan Harris,anthony32@example.org,2021-12-06 07:29:35
896,Sophia Rogers,sarasullivan@example.net,2020-07-04 21:58:32
897,Jennifer Rice,williammendez@example.net,2019-10-28 02:09:32
898,Christopher Huber,matthew21@example.com,2021-09-05 23:03:31
899,Melissa Aguilar,towen@example.net,2020-07-07 04:32:00
900,Amber Neal,christopherprice@example.com,2021-08-22 10:12:49
901,Brandon Dickerson,murphymarcia@example.org,2021-07-16 07:31:20
902,Matthew Osborne,jwu@example.org,2021-11-10 22:42:46
903,Jennifer Cordova,isaacprice@example.net,2021-06-26 21:17:07
904,Cassandra Blankenship,jhiggins@example.com,2023-01-05 13:13:58
905,Nicholas Murray,ashleychaney@example.com,2023-08-07 14:01:22
906,Veronica Wells,foxmegan@example.org,2022-11-25 04:19:31
907,Denise Mcmillan,murphydominique@example.net,2021-01-13 09:19:28
908,Stephen Davis,amy19@example.net,2020-08-26 22:16:30
909,Shannon Becker,lucas62@example.net,2022-06-13 21:09:52
910,Jose Pollard,josephscott@example.com,2024-07-31 16:35:18
911,Bonnie Scott,tgreen@example.org,2022-03-23 22:57:53
912,James Castro,davisrobert@example.com,2021-02-10 18:18:03
913,Amy Higgins,sanchezjames@example.org,2021-01-08 03:07:18
914,Anna Haynes DVM,sarahfox@example.org,2022-10-06 06:36:03
915,Emily Hammond,beardleah@example.net,2020-07-10 16:54:44
916,Catherine Olson,cathy96@example.net,2023-12-02 16:17:59
917,Melinda Flores,kholt@example.net,2020-11-11 04:33:27
918,Daniel Clayton,andrewgarza@example.org,2022-06-23 17:44:54
919,Nicole Harris,edward68@example.net,2023-05-27 20:14:04
920,James Hunt,zacharyhicks@example.org,2024-03-07 19:48:54
921,Cheryl Graves,grahamkristopher@example.com,2022-01-29 18:47:09
922,Maria Choi,cathy89@example.net,2019-09-03 08:26:14
923,Renee Brown,aglenn@example.org,2021-08-10 18:58:56
924,Mark Williams,hsimon@example.com,2019-12-08 08:19:13
925,Stephanie Graham,hendersonjeremy@example.com,2024-06-16 19:17:29
926,Collin Lewis,brooke53@example.org,2020-08-22 06:19:55
927,Adam Williams,colegarza@example.org,2021-02-01 13:59:53
928,Patrick Hart,wstein@example.org,2023-08-10 13:07:56
929,Tracy Bender,melissalogan@example.org,2020-11-19 22:28:25
930,Jerry Ward,hclayton@example.org,2023-10-28 02:34:24
931,Rebecca Taylor,ubriggs@example.com,2022-07-06 07:53:07
932,Parker Griffin,martingonzalez@example.net,2020-08-30 14:27:57
933,Joshua Taylor,richard03@example.com,2024-05-18 12:51:06
934,Michael Dean,nmcneil@example.net,2021-11-01 00:09:29
935,Marc Blackburn,mhatfield@example.com,2022-05-13 15:48:53
936,Charles Farrell,theresa34@example.org,2020-07-17 03:39:34
937,Matthew Edwards,matthew99@example.org,2022-11-28 01:36:29
938,Rachel Sparks DVM,jlee@example.com,2023-08-24 04:18:59
939,Kelly Simpson,marymartinez@example.com,2021-10-04 04:15:47
940,Karen Ayala,nicolecarter@example.com,2022-04-23 15:27:10
941,Stephanie Ford,tannerpatrick@example.net,2023-03-29 22:33:00
942,Dr. Shawn Willis,waynehines@example.com,2024-02-13 16:28:25
943,Ashley Shields,jporter@example.com,2019-09-12 03:38:31
944,Jacqueline Perez,miranda96@example.com,2024-02-16 14:55:23
945,Mrs. Ashley Smith,meyersarah@example.com,2021-11-25 07:55:36
946,Jenny Green,mikejohnson@example.net,2020-05-21 07:44:24
947,Margaret Stone,ricechristopher@example.net,2022-04-13 17:05:18
948,Daniel Diaz,shane77@example.com,2021-10-08 05:44:50
949,Jason Lopez,lcooley@example.org,2021-06-27 10:06:01
950,Francisco Elliott,stephen28@example.org,2023-01-29 18:40:00
951,Richard Vang,renee13@example.org,2022-09-20 08:03:15
952,John Adams,tony25@example.net,2020-12-27 01:06:54
953,Melissa Baker,melinda24@example.com,2021-08-05 06:45:24
954,Laurie Crane,mossjared@example.net,2022-11-19 00:59:56
955,Sharon Schwartz,brenda11@example.com,2022-08-04 00:51:25
956,Nicole Mclaughlin,jbeck@example.com,2023-04-03 02:26:15
957,Jerry Moore,oevans@example.net,2022-10-16 13:17:04
958,Susan Harmon,richardevans@example.org,2021-04-12 07:14:30
959,Erin Wood,ulowe@example.org,2023-07-23 11:32:32
960,Heather Montgomery,mckenziebecky@example.net,2019-10-03 01:43:59
961,Brian Murphy,patricia96@example.org,2019-10-25 23:18:03
962,Michelle Cisneros,meganmcclain@example.net,2022-03-11 09:35:47
963,Sheila Guerrero,johngarcia@example.net,2021-07-10 10:30:36
964,Zachary Powell,yjohnson@example.com,2019-09-28 09:20:51
965,Andrea Summers DDS,wclark@example.com,2020-02-01 13:20:20
966,Victoria Hill,stephaniebenson@example.com,2020-12-01 20:38:56
967,Marcus Bennett,ramirezkevin@example.org,2019-09-16 09:37:20
968,Edward Ortiz,mariacook@example.com,2021-03-19 16:56:25
969,Kelly Meadows,jason86@example.net,2022-03-11 15:34:39
970,Benjamin Greer,hernandezwendy@example.net,2020-02-23 23:21:45
971,David Parks,michael49@example.com,2024-01-01 04:56:31
972,Alexa Hernandez,carolalexander@example.org,2023-11-04 12:47:04
973,Thomas Skinner,acampbell@example.net,2022-01-24 20:05:11
974,Russell Reynolds,reynoldsrobert@example.org,2019-12-25 13:08:09
975,Joseph Stokes,westcolleen@example.org,2020-10-23 05:22:47
976,Hunter Gonzales,jordanvirginia@example.net,2024-06-21 21:46:39
977,Donna Dennis,nolanmichele@example.com,2024-06-01 08:50:06
978,Michael York,zmoore@example.net,2021-04-21 10:18:33
979,Jennifer Wilson,harrisrichard@example.net,2023-10-17 17:43:50
980,William Graves,warddavid@example.com,2023-01-08 04:07:23
981,Richard Young,kellykenneth@example.com,2022-08-10 02:57:46
982,Jerry Allen,ortizrobert@example.com,2020-02-08 07:32:33
983,Alexander Moore,cjackson@example.net,2023-07-25 23:13:59
984,Jessica Morrow PhD,georgeadams@example.com,2022-07-22 11:37:08
985,Megan Martinez,jessicapatterson@example.net,2021-06-23 04:32:58
986,Michael Cohen,vgomez@example.net,2024-06-02 13:20:16
987,Yolanda Adams,rbutler@example.com,2020-10-16 18:51:11
988,Karl Smith,cynthiamcdonald@example.com,2022-12-09 23:07:22
989,Brandon Allen,wrightsteven@example.org,2020-02-19 04:01:02
990,Ricardo Ruiz,jamesrichard@example.org,2023-08-03 20:53:33
991,Ms. Donna Ruiz,fpayne@example.com,2023-05-31 08:34:10
992,April Joyce,rholland@example.net,2020-03-17 21:30:05
993,Stephanie Phillips,waderalph@example.org,2022-01-22 16:31:16
994,David Johnson,dylanhorton@example.com,2023-03-17 23:40:42
995,Bobby Martin,nelsonamanda@example.net,2021-12-21 17:28:05
996,Michelle Gomez,rfrank@example.org,2023-05-24 10:49:47
997,Nancy Lewis,kclark@example.org,2020-01-03 07:49:10
998,James Elliott,georgecollins@example.org,2020-03-30 00:55:43
999,Catherine Vincent,tlester@example.com,2019-10-15 14:25:27
1000,Krista Hardy,zgarcia@example.org,2020-09-17 00:19:24
