user_id,name,email,signup_date,domain
1,Lee Parks,williamschristopher@example.com,2019-09-13,example.com
2,Melissa Rodriguez,jerrymorse@example.org,2024-05-18,example.org
3,Rebecca Anderson,mary54@example.net,2022-09-22,example.net
4,Michelle Wagner,bjohnson@example.org,2023-11-27,example.org
5,Brian Ramsey,jessica94@example.org,2021-06-19,example.org
6,Amber Brown,nsmith@example.org,2021-01-29,example.org
7,Megan Wolfe,maldonadotimothy@example.com,2020-02-15,example.com
8,Veronica Harrington,simmonsamy@example.net,2023-06-21,example.net
9,George Hanson,jbrown@example.net,2022-02-13,example.net
10,Randy Hubbard,daviscarolyn@example.net,2020-04-12,example.net
11,Helen Gonzalez,hollandchelsea@example.net,2021-05-08,example.net
12,Tonya Clark,halecourtney@example.com,2020-03-01,example.com
13,Zachary Burns,kevinstanley@example.com,2019-09-03,example.com
14,Kimberly Nguyen,kleinheather@example.com,2022-04-09,example.com
15,Alexander Long,huffmankim@example.org,2021-08-24,example.org
16,Krystal Gutierrez,rdunn@example.org,2022-02-10,example.org
17,Brandon Campbell,griffineric@example.org,2021-02-05,example.org
18,Samantha Cruz,aliciaroman@example.com,2023-07-14,example.com
19,George Martinez,tpatel@example.net,2024-03-26,example.net
20,Matthew Francis,johnsonmichael@example.com,2024-01-21,example.com
21,Kimberly Ross,laurieschneider@example.com,2021-06-24,example.com
22,John French,jalvarez@example.com,2020-09-07,example.com
23,Daisy Patterson,rodriguezjohn@example.com,2021-04-13,example.com
24,Adam Jennings,rclark@example.com,2021-05-04,example.com
25,Michael Price,xarmstrong@example.com,2020-04-21,example.com
26,Justin Evans,diamond46@example.net,2023-04-28,example.net
27,Kendra Gill,desiree04@example.org,2021-12-23,example.org
28,Destiny Finley,bbryant@example.com,2022-02-20,example.com
29,Justin Riggs,craig28@example.com,2023-12-17,example.com
30,Madeline Moore,lucerostacy@example.org,2021-11-03,example.org
31,Logan Love,devin99@example.com,2022-01-06,example.com
32,Andrew Morton,michael05@example.com,2023-11-30,example.com
33,Catherine Garcia,qtaylor@example.org,2022-10-11,example.org
34,Lydia Matthews,elizabeth75@example.com,2022-09-20,example.com
35,Tracy Brown,bakeranthony@example.net,2021-12-27,example.net
36,Mrs. Megan Garcia PhD,walkerseth@example.org,2020-10-07,example.org
37,James Ellis,gregoryramirez@example.net,2024-03-08,example.net
38,Amanda Mayer,rodriguezjacqueline@example.org,2024-02-07,example.org
39,Steven Hansen,robertreilly@example.com,2020-02-12,example.com
40,George Scott,sean45@example.org,2024-06-13,example.org
41,Cristian Fitzgerald,boyddennis@example.org,2020-04-16,example.org
42,Rachael Herrera,dawnstone@example.org,2023-01-20,example.org
43,Laura Kaufman,parkertaylor@example.net,2023-11-29,example.net
44,Tamara Wells,david12@example.net,2019-11-21,example.net
45,Matthew Maxwell,joshua82@example.com,2023-10-08,example.com
46,Leslie Benson,opreston@example.com,2023-12-09,example.com
47,Frank Simmons,tward@example.org,2021-11-30,example.org
48,Megan Poole,cstout@example.org,2022-09-17,example.org
49,Kerry Mcdowell,arangel@example.org,2024-02-15,example.org
50,Adam Pierce,garciajennifer@example.net,2022-06-30,example.net
51,Jennifer Johnston,joseph53@example.com,2021-10-30,example.com
52,Julie Glenn,wheelertabitha@example.org,2023-10-30,example.org
53,Kimberly Riley,hcollins@example.net,2022-09-11,example.net
54,Erik Terry,wilkersoncheryl@example.com,2020-10-03,example.com
55,John Gomez,crystal80@example.org,2022-10-15,example.org
56,Ronnie Carter,johnsoncharles@example.org,2023-11-04,example.org
57,Angela Johnston,cbryant@example.com,2022-12-08,example.com
58,Christopher Combs,bradleylucas@example.com,2023-05-09,example.com
59,Charles Phillips,ublackburn@example.net,2022-06-19,example.net
60,Kathryn Sims,whitneychambers@example.net,2021-08-13,example.net
61,Katherine Klein,destiny87@example.com,2020-08-13,example.com
62,Rebecca Kramer,robertgarcia@example.com,2023-11-23,example.com
63,Elizabeth Stone,jrodriguez@example.org,2024-06-12,example.org
64,Stephanie Martin,nicolebrown@example.com,2020-07-21,example.com
65,Anthony Hall,xwest@example.org,2020-06-21,example.org
66,Jill Hughes,laura79@example.com,2021-04-09,example.com
67,Theodore Torres,lchung@example.net,2021-03-31,example.net
68,Amy Rice,robertsimmons@example.net,2021-07-08,example.net
69,Marvin Mcfarland,davisdaryl@example.net,2021-12-02,example.net
70,Donald Miller,gwilliams@example.com,2021-03-24,example.com
71,Justin Turner,kimberlybaker@example.org,2023-03-29,example.org
72,Jeanette Henderson,valdezdylan@example.net,2022-07-20,example.net
73,Clayton Hatfield,ndouglas@example.net,2023-05-20,example.net
74,Karen Travis,stephanie31@example.com,2023-08-16,example.com
75,Julie Cervantes,kchan@example.com,2020-12-31,example.com
76,George Morales,henryashley@example.net,2023-11-26,example.net
77,Gregory Cross,samantha47@example.com,2023-05-28,example.com
78,Brett Campbell,obuchanan@example.org,2023-10-31,example.org
79,Natalie Ruiz,elizabethbennett@example.org,2022-02-11,example.org
80,Michelle Alvarez,tgreen@example.com,2020-10-05,example.com
81,Donna Smith,donaldmurray@example.org,2024-03-10,example.org
82,Dylan Doyle,ythomas@example.org,2021-06-14,example.org
83,Dwayne Rodriguez,jessica67@example.org,2023-01-25,example.org
84,Stanley Ramos,fklein@example.com,2023-01-15,example.com
85,Ashley Hill,djackson@example.net,2021-06-13,example.net
86,Nichole Warren,kimberlyjohnson@example.net,2022-08-24,example.net
87,Erin Gray,erindrake@example.org,2023-12-06,example.org
88,April Smith,lsharp@example.org,2021-02-01,example.org
89,Jeremiah Rojas,russell55@example.net,2020-08-06,example.net
90,Julie Herrera,donnacharles@example.com,2023-11-07,example.com
91,Tracy Hahn,adam49@example.com,2021-06-02,example.com
92,Jeanne Daniels,anthonycoffey@example.com,2020-11-17,example.com
93,Mr. Anthony Ellis,gabrielbright@example.org,2021-12-23,example.org
94,Aaron Davis,nhowell@example.net,2020-10-31,example.net
95,Henry Knight,jesse62@example.com,2021-06-14,example.com
96,Teresa Green,christine01@example.org,2023-09-02,example.org
97,David Ramos,heidi76@example.org,2022-08-28,example.org
98,Amy Cruz,jeremyscott@example.org,2020-09-27,example.org
99,Roberto Davis,dustindixon@example.com,2021-04-04,example.com
100,Yvonne Jacobs,poolescott@example.org,2024-01-01,example.org
101,Matthew Jones,quinnjustin@example.net,2022-05-26,example.net
102,James Perkins,stephanieclayton@example.net,2023-11-04,example.net
103,Erin Richards,marciacampbell@example.com,2022-02-20,example.com
104,Suzanne Hensley,jwong@example.net,2021-11-15,example.net
105,Casey Mendoza,xrowe@example.net,2020-11-13,example.net
106,Maria Gordon,ugriffin@example.net,2019-11-04,example.net
107,Angela Russo,sgomez@example.net,2023-09-22,example.net
108,Andrew Norman,kaylahoffman@example.org,2023-12-07,example.org
109,Sandra Johnson,dortega@example.com,2023-11-12,example.com
110,Michael Richardson,ashleygomez@example.com,2021-11-10,example.com
111,William Castro,sarahlambert@example.net,2023-05-16,example.net
112,Emily Reyes,johnsonkathleen@example.org,2021-09-10,example.org
113,Cheryl Reyes,markwalker@example.net,2021-07-08,example.net
114,Casey Hill,michaelowens@example.com,2021-06-25,example.com
115,Kelly Hall,campbellamanda@example.com,2020-10-11,example.com
116,Mary Clark,christopher25@example.org,2024-02-18,example.org
117,Randall Gilbert,robert05@example.com,2022-05-16,example.com
118,Amy Rivera,allisonrandolph@example.net,2024-02-12,example.net
119,Elizabeth Murillo,awhite@example.net,2019-10-06,example.net
120,Alexandra Palmer,margaretjones@example.org,2020-11-29,example.org
121,Andrew Durham,owoods@example.net,2019-12-01,example.net
122,Jeffrey Jackson,tyler94@example.net,2021-12-15,example.net
123,Carlos Hicks,opena@example.com,2021-11-02,example.com
124,Claudia Crawford,carterjennifer@example.com,2022-10-14,example.com
125,Linda Horn,michelle33@example.com,2019-09-17,example.com
126,Dylan Davis,carrie63@example.com,2020-03-15,example.com
127,Michelle Sharp,joshua35@example.net,2024-01-03,example.net
128,Michelle Eaton,michealholder@example.com,2021-01-16,example.com
129,Larry Duncan,pdavis@example.com,2023-04-25,example.com
130,Matthew Marshall,collinsrebecca@example.com,2020-09-28,example.com
131,Whitney Garcia,xrivera@example.com,2024-04-15,example.com
132,Cathy Patton,bpatton@example.com,2022-05-05,example.com
133,Jackson White,gonzalezjessica@example.com,2022-10-29,example.com
134,Luke Dorsey,david79@example.org,2021-02-17,example.org
135,Rachel Cook,rebeccajones@example.net,2020-05-27,example.net
136,Maria Stewart,esalinas@example.net,2021-04-28,example.net
137,Taylor Ross,wkerr@example.com,2021-09-30,example.com
138,Mark Adams,ethanphillips@example.net,2023-04-04,example.net
139,Karen Davis,elizabethcortez@example.org,2022-09-18,example.org
140,Christopher White,iclark@example.net,2022-06-30,example.net
141,Alexandria Nolan,glennjeffrey@example.net,2021-03-26,example.net
142,Kurt Phillips,jacobbowers@example.net,2020-08-25,example.net
143,Gina Mccall,christineleonard@example.com,2021-07-01,example.com
144,Samantha Harris,rberger@example.org,2023-10-02,example.org
145,Jenna Randall,kayladavis@example.org,2024-07-25,example.org
146,Christopher Miller,olivia55@example.org,2020-04-07,example.org
147,David Arnold,hicksandrew@example.com,2023-12-07,example.com
148,Dr. Justin Robinson,manuel42@example.com,2021-11-18,example.com
149,Amy Green,cgarcia@example.com,2020-05-28,example.com
150,John Jones,isaacpowers@example.net,2020-05-25,example.net
151,Tamara Alvarez,petercox@example.com,2021-11-21,example.com
152,Kristy Ferguson,chandlernicholas@example.com,2024-05-20,example.com
153,Matthew Crawford,claychristy@example.org,2024-07-06,example.org
154,Rebecca Mcdaniel,robin67@example.org,2023-06-12,example.org
155,Jennifer Preston,cory03@example.org,2022-08-11,example.org
156,Trevor Carson,wadams@example.com,2021-11-10,example.com
157,Holly Poole,lmeza@example.org,2022-09-26,example.org
158,David Walker,jburns@example.com,2023-08-16,example.com
159,April Lopez,zortega@example.org,2024-05-23,example.org
160,Lisa Barnes,julie26@example.com,2020-09-03,example.com
161,Cynthia Wise,darrell59@example.com,2021-11-25,example.com
162,David Moran,marvin70@example.com,2019-09-18,example.com
163,Lori Becker,andersonryan@example.net,2023-01-22,example.net
164,Jesse Hansen,michelle96@example.com,2020-01-11,example.com
165,Elizabeth Bowman,jerry30@example.com,2024-04-28,example.com
166,Calvin King,linda80@example.net,2022-05-12,example.net
167,Daniel Kline,angelawilliams@example.net,2022-04-15,example.net
168,Troy Morales,williamsbruce@example.com,2021-07-03,example.com
169,Timothy Morgan DVM,ngreer@example.net,2021-07-27,example.net
170,Michael Taylor,fsantiago@example.net,2022-03-28,example.net
171,Patrick Shannon,hcombs@example.net,2024-07-03,example.net
172,David Kirk,khenry@example.net,2023-09-29,example.net
173,Gary Bryan,sydney06@example.net,2020-06-06,example.net
174,Juan Williams,unicholson@example.com,2023-10-12,example.com
175,Katrina Ruiz,michelleshepherd@example.org,2024-02-21,example.org
176,Laura Oconnor,jenniferjohnson@example.org,2020-01-16,example.org
177,Dawn Glover,christopher67@example.net,2022-06-23,example.net
178,Shaun Barry,smithkaitlin@example.org,2023-11-18,example.org
179,Bryan Taylor,laurie41@example.org,2021-06-09,example.org
180,Peter West,trevor40@example.org,2023-05-28,example.org
181,Austin Hernandez,chenrobert@example.net,2022-09-30,example.net
182,Nicole Knight,amandabates@example.org,2020-02-17,example.org
183,Diane Yates,williamsricardo@example.net,2021-05-05,example.net
184,Sean Green,webercharles@example.com,2019-12-05,example.com
185,Jeffery Ramsey,gjones@example.com,2022-07-19,example.com
186,Amy Smith,dcontreras@example.net,2024-07-16,example.net
187,Sydney Torres,medinajeremy@example.org,2023-02-01,example.org
188,Brittany Lozano,denise04@example.com,2020-05-28,example.com
189,Jonathan Martinez,jessicaschneider@example.net,2021-04-04,example.net
190,Michael Lane,kristine87@example.com,2020-04-20,example.com
191,Jill Snyder,qwilson@example.org,2022-11-14,example.org
192,Elizabeth Friedman,jdean@example.org,2021-08-29,example.org
193,Lorraine Rivers,matthewblack@example.org,2022-03-03,example.org
194,Latasha Adams,blackburnkelly@example.net,2020-08-24,example.net
195,Latasha Christensen,bryce58@example.net,2021-09-04,example.net
196,Thomas Lester,enguyen@example.net,2023-06-11,example.net
197,Kimberly Velez,steve55@example.com,2022-08-29,example.com
198,Carol Parsons,kcarroll@example.org,2024-04-28,example.org
199,Kevin Morales,todddalton@example.org,2022-02-01,example.org
200,Anna Valenzuela,campbellanthony@example.org,2021-03-20,example.org
201,Lonnie Carney Jr.,owensalison@example.net,2022-07-06,example.net
202,John Thompson,heatherlane@example.net,2024-01-09,example.net
203,Sherri Miller,henrykathleen@example.org,2020-02-04,example.org
204,Dr. George Randolph,gregorymolina@example.org,2024-07-17,example.org
205,Courtney Delacruz,laurie33@example.org,2022-01-15,example.org
206,Marcus Martin,stephenbell@example.net,2024-06-21,example.net
207,Mr. Dylan Simmons,erik95@example.org,2024-01-16,example.org
208,Sara Hart,oreed@example.net,2022-07-01,example.net
209,Sarah Johnson,johnking@example.com,2021-11-25,example.com
210,Michael Avila,kelly88@example.com,2022-05-02,example.com
211,David Mason,linda78@example.org,2021-09-17,example.org
212,Tammy Garrett,pespinoza@example.org,2023-12-01,example.org
213,Dennis Carr,jpham@example.com,2019-12-19,example.com
214,Jonathan Collier,stanleysavannah@example.org,2023-11-15,example.org
215,Michael Nelson,justin17@example.net,2019-12-27,example.net
216,Gregory Williams,kellyrobinson@example.com,2020-04-05,example.com
217,Mary Knight,stevencoleman@example.net,2021-06-11,example.net
218,Connie Hunter,justin12@example.org,2022-07-29,example.org
219,Laura Warner,robertglenn@example.com,2021-10-16,example.com
220,Lindsey Torres,vanderson@example.net,2020-07-15,example.net
221,Jennifer Brown,ntaylor@example.net,2023-11-05,example.net
222,Stephanie Hamilton,williamsaustin@example.com,2020-08-11,example.com
223,Ashley Parker,meyerdebra@example.org,2023-10-12,example.org
224,Holly Harris,gerald61@example.com,2019-11-18,example.com
225,Walter Ramirez,sharpjose@example.org,2023-02-13,example.org
226,Alexander Ellis,sarah05@example.org,2021-10-11,example.org
227,Melissa Martinez,brandon32@example.net,2022-08-18,example.net
228,David Casey,kristin90@example.org,2021-06-02,example.org
229,Amanda Rodriguez,steelemanuel@example.com,2022-09-02,example.com
230,Stephanie Davis,barberkeith@example.org,2024-04-11,example.org
231,Elizabeth Dalton,lsummers@example.net,2020-03-05,example.net
232,John Patterson,youngjohn@example.net,2024-08-15,example.net
233,Mr. Marcus Aguilar,johnsonstacy@example.com,2024-01-10,example.com
234,Dale Morgan,mayodavid@example.org,2022-01-14,example.org
235,Carrie Patterson,gbarber@example.com,2023-03-30,example.com
236,Bruce Jones,daviddavidson@example.com,2021-05-09,example.com
237,Frances May,bbell@example.com,2023-02-22,example.com
238,Timothy Mcclure,harterin@example.net,2020-01-07,example.net
239,Jessica Ross,kaylamontgomery@example.net,2021-10-27,example.net
240,Kelli Weber,nancy71@example.org,2022-03-27,example.org
241,Patrick Lewis,garzaharold@example.org,2020-05-11,example.org
242,Rodney Collins,rileyholt@example.org,2023-03-05,example.org
243,Susan Lopez,darrell79@example.net,2024-04-24,example.net
244,April Barron,chandlerjessica@example.com,2024-03-29,example.com
245,Christina Green,briannafinley@example.com,2020-09-03,example.com
246,James Kane,igray@example.net,2023-06-24,example.net
247,Jonathan Roberts,morrisoncody@example.net,2020-11-15,example.net
248,Virginia Ward,fsimpson@example.com,2023-03-21,example.com
249,Christy Brooks,holdenrichard@example.com,2020-09-16,example.com
250,Martin Phillips,scotthill@example.net,2024-02-01,example.net
251,Mary Hodge,timothy91@example.net,2020-03-11,example.net
252,Erik Delgado,pbenton@example.com,2023-02-03,example.com
253,Connie Miller,rspence@example.com,2020-10-06,example.com
254,Peggy Gonzales,garciamaria@example.org,2022-02-21,example.org
255,Anne Davenport,marcus25@example.com,2020-10-02,example.com
256,William Brock,rhonda18@example.net,2020-11-19,example.net
257,Randy Richardson,monicasuarez@example.org,2023-07-21,example.org
258,Kimberly Martin,swilson@example.net,2024-04-12,example.net
259,Stacy Cantrell,hudsonrandy@example.com,2020-08-02,example.com
260,Casey Lambert,iross@example.net,2020-11-20,example.net
261,David Zhang,ubrown@example.net,2022-09-21,example.net
262,Steven Cole,zle@example.net,2021-04-30,example.net
263,Joseph Roy,kayla72@example.com,2022-10-21,example.com
264,Jim Wright,andreabonilla@example.com,2020-01-17,example.com
265,Timothy Davis,bowmankevin@example.com,2024-02-12,example.com
266,Jeffery Decker,scott60@example.org,2023-08-26,example.org
267,Jeremy Young,hughesharry@example.com,2024-06-23,example.com
268,Jeremiah Cline,brownbrittany@example.org,2021-07-23,example.org
269,Mrs. Kathryn Willis,rstone@example.com,2022-05-08,example.com
270,Maria Smith,timothy27@example.net,2023-02-07,example.net
271,Heather Davis,rodriguezjacqueline@example.org,2021-02-07,example.org
272,Joseph Farmer,sharon49@example.org,2023-03-30,example.org
273,Pamela Cole,sherrywilson@example.com,2019-09-07,example.com
274,Justin Gardner,erincarter@example.org,2023-01-09,example.org
275,Jeffrey Sanders,austin43@example.net,2023-04-08,example.net
276,Kathleen Lucas,aaronjohnson@example.org,2023-12-26,example.org
277,Amber Osborn,megancarroll@example.com,2024-07-21,example.com
278,Melinda Bass,waynegoodwin@example.com,2019-10-15,example.com
279,Stefanie Stein,jessicarobertson@example.net,2021-03-03,example.net
280,Michelle Ho,ohenderson@example.org,2020-02-17,example.org
281,Janet Ford,anavarro@example.com,2024-03-30,example.com
282,Jack David,matthewcrawford@example.com,2019-10-07,example.com
283,Mark Perez,joshua92@example.net,2022-10-09,example.net
284,Angela Stout,epowell@example.org,2019-10-24,example.org
285,Rebecca Khan,rebeccahowell@example.org,2024-04-12,example.org
286,Christopher Jones,moonkimberly@example.net,2021-10-17,example.net
287,Gina Carey,biancalopez@example.com,2024-01-27,example.com
288,James Powell,hcohen@example.org,2023-06-11,example.org
289,Cody Allen,anthonyfischer@example.net,2022-04-27,example.net
290,Kristine Henderson,edward41@example.org,2021-12-01,example.org
291,Rachel Lawson,williamcross@example.com,2022-10-20,example.com
292,Melissa Aguilar,westjamie@example.org,2022-08-25,example.org
293,Timothy Nichols,tmendoza@example.org,2023-10-09,example.org
294,Justin Huynh,kimberly87@example.com,2020-06-15,example.com
295,Caitlin Carlson,rpatel@example.org,2024-04-08,example.org
296,Anita Smith,daniel54@example.org,2022-11-14,example.org
297,Adam Padilla,hfloyd@example.com,2020-04-05,example.com
298,Douglas Murphy,fisherdonna@example.net,2023-04-08,example.net
299,Elizabeth Everett,codygrimes@example.net,2021-07-13,example.net
300,Mindy Dean,richard50@example.net,2023-10-22,example.net
301,Sonya Jones,luke11@example.com,2023-01-22,example.com
302,Stacy David,olivia07@example.org,2022-05-31,example.org
303,Paula Miles,brooksconnor@example.org,2023-01-15,example.org
304,Allison Larson,kmckenzie@example.org,2020-03-30,example.org
305,Cynthia Hill,sandersyolanda@example.com,2020-11-30,example.com
306,Tammy Hardin,bblevins@example.net,2024-02-17,example.net
307,Stephanie Bradley,bradley56@example.net,2024-06-09,example.net
308,James Burns,autumncontreras@example.com,2022-10-24,example.com
309,Jeffrey Turner,johnthomas@example.com,2021-11-04,example.com
310,Helen Johnson,daniel45@example.com,2019-10-04,example.com
311,Russell Delgado,masonaustin@example.com,2024-03-13,example.com
312,Victoria Vazquez,sharpharold@example.com,2024-06-01,example.com
313,Charles Deleon,ericaperez@example.org,2022-01-09,example.org
314,Rebecca Benson,byrdgary@example.net,2019-11-07,example.net
315,Christopher Tran,justincoleman@example.com,2022-01-26,example.com
316,Carolyn Duffy,jeffery12@example.com,2020-07-23,example.com
317,Ana Roman,lisa25@example.com,2021-06-16,example.com
318,Victoria White,kimberly53@example.net,2021-01-26,example.net
319,Latasha Stevenson,fullerdenise@example.org,2023-03-07,example.org
320,Ashley Gonzales,davidjones@example.org,2022-08-13,example.org
321,Melissa Mckay,brooksgregory@example.net,2020-05-25,example.net
322,Robin Rodriguez,anne50@example.org,2023-06-06,example.org
323,Sydney Vazquez,parkerevan@example.net,2023-08-21,example.net
324,Lisa Miller,stephen59@example.net,2020-02-10,example.net
325,Lisa Douglas,smithmatthew@example.net,2021-02-15,example.net
326,Kelsey White,rhodesnatasha@example.org,2022-09-10,example.org
327,Dennis Villarreal,tim04@example.com,2019-11-11,example.com
328,Joseph Garrett,hcook@example.com,2021-06-14,example.com
329,Alyssa Ray,pcarroll@example.net,2020-02-08,example.net
330,Mark Sosa,deanberry@example.com,2024-02-29,example.com
331,Nancy Levy,walkerpatrick@example.org,2022-01-07,example.org
332,Chelsea Jones,wdavis@example.net,2023-11-13,example.net
333,Paula Burke,nwilson@example.net,2023-11-18,example.net
334,Andrew Wilson,traciebates@example.org,2020-03-12,example.org
335,Susan Wilkinson,samuelmurphy@example.net,2021-03-12,example.net
336,Eric Gonzalez,nelsonkevin@example.com,2021-06-01,example.com
337,Alexis Wilson,lfitzgerald@example.org,2024-05-04,example.org
338,Eric Smith,colleen06@example.org,2022-02-15,example.org
339,Alexander Middleton,mbooth@example.com,2023-11-12,example.com
340,Brittany Sanchez,joshuahahn@example.com,2021-08-11,example.com
341,Carolyn Lewis,navarrosheryl@example.net,2019-10-12,example.net
342,Jared Rivera,bjordan@example.org,2023-05-10,example.org
343,Mrs. Kathleen King,westbrandi@example.com,2020-07-11,example.com
344,Gabrielle Gray,matthewrodriguez@example.com,2021-06-13,example.com
345,Dr. Steven Acosta MD,wrightdonald@example.net,2023-02-16,example.net
346,Melissa Benton,badams@example.com,2022-07-22,example.com
347,Bethany Lin,nboyle@example.com,2019-12-02,example.com
348,Steven Riley,yhardy@example.net,2020-05-21,example.net
349,Gina Spencer,christopher93@example.net,2020-11-05,example.net
350,Russell Walker,jeremysmith@example.net,2020-04-04,example.net
351,Gina Chambers,palmerdaniel@example.net,2019-09-22,example.net
352,Jade Diaz,hoffmankaren@example.com,2020-11-26,example.com
353,Mark Smith,tgallegos@example.net,2020-11-24,example.net
354,Martha Park,danielle88@example.net,2022-08-21,example.net
355,Jennifer White,huntermiller@example.net,2023-07-27,example.net
356,Kyle Garcia,samuelbrown@example.net,2022-10-26,example.net
357,Patrick Keith,sarah30@example.net,2020-03-29,example.net
358,James Hines,kyle20@example.net,2021-07-22,example.net
359,Terry Lewis,coxjames@example.org,2022-02-03,example.org
360,Jennifer Rose,travisharrell@example.net,2023-03-22,example.net
361,Cynthia Pham,kimberly34@example.com,2021-06-08,example.com
362,Blake Harris,rodriguezheather@example.org,2024-01-01,example.org
363,Brandon Owen,hhill@example.com,2021-02-21,example.com
364,Mark White,lynnterry@example.com,2020-01-02,example.com
365,Stephanie Ruiz,dbenitez@example.net,2021-07-17,example.net
366,Brittany Morrison,virginiaruiz@example.net,2024-03-14,example.net
367,Theresa Roth,warrenlogan@example.org,2022-03-03,example.org
368,Richard Russell,emily58@example.com,2019-10-22,example.com
369,Daniel Ward,cjacobs@example.com,2024-05-06,example.com
370,Daniel Collins,cindy96@example.net,2022-05-16,example.net
371,Pamela Thomas,csosa@example.com,2019-10-17,example.com
372,Bryan Perez,staylor@example.com,2022-07-16,example.com
373,Mr. Bernard Lawrence III,jonathan23@example.net,2024-02-14,example.net
374,Alyssa Myers,david85@example.net,2024-03-30,example.net
375,Sarah Gill,estephens@example.com,2022-07-03,example.com
376,Tina Martinez,fflores@example.net,2020-12-31,example.net
377,Brandon Johnson,lopeznicole@example.org,2024-01-04,example.org
378,Alexander Villarreal,tgonzalez@example.net,2020-02-14,example.net
379,Jesse Nguyen MD,rcarrillo@example.com,2019-10-24,example.com
380,Amanda Hicks,rebeccacampbell@example.net,2020-09-01,example.net
381,Allison Liu,yvonnelopez@example.com,2020-10-17,example.com
382,Lindsay Alexander,ophillips@example.org,2021-08-08,example.org
383,Russell Kelley,kerriclark@example.org,2022-02-03,example.org
384,Peggy Brooks,rvargas@example.com,2020-04-07,example.com
385,Danny Robinson,kimberly51@example.com,2021-03-18,example.com
386,Mariah Martin DDS,ethomas@example.com,2019-09-30,example.com
387,Robert Mcmahon,destinyrichardson@example.org,2020-05-06,example.org
388,Nicole Mitchell,rlopez@example.net,2023-10-08,example.net
389,Devin Nichols,dwilcox@example.com,2020-06-20,example.com
390,Nicole Gray,econway@example.net,2020-01-29,example.net
391,Ronald Ray,timothy84@example.org,2023-10-25,example.org
392,Richard Pruitt Jr.,angiecarlson@example.com,2023-07-22,example.com
393,Joseph Mason,sandrawilliams@example.org,2023-06-20,example.org
394,Kimberly Oconnor,ghall@example.com,2020-07-02,example.com
395,Willie Haynes,billybishop@example.net,2019-11-17,example.net
396,Yvette Bradley,dawn92@example.net,2021-05-28,example.net
397,Brian White,edward81@example.net,2021-08-03,example.net
398,Julie Lewis,vcunningham@example.org,2021-12-08,example.org
399,Anita Kline,marthavasquez@example.net,2022-02-26,example.net
400,Rhonda Hall,acook@example.com,2022-12-05,example.com
401,Kurt Parker,timothy75@example.net,2021-03-16,example.net
402,Mr. Richard Lee,howardmichael@example.org,2021-01-26,example.org
403,Robert Jimenez,stephanie83@example.com,2020-11-26,example.com
404,Courtney Parker,robert97@example.com,2022-11-24,example.com
405,Erin Garcia,shawna66@example.net,2020-08-29,example.net
406,Audrey Ramos,westpatrick@example.org,2022-12-14,example.org
407,Amy Wright,jermaineacevedo@example.com,2024-04-08,example.com
408,Travis Mcfarland,brosario@example.net,2020-04-17,example.net
409,Audrey Warren,patricia44@example.org,2024-04-04,example.org
410,Michael Thompson,kennedyadam@example.org,2021-01-31,example.org
411,Amber Miller,alvareznicole@example.net,2021-01-06,example.net
412,Andrea Myers,salazarmelissa@example.net,2023-04-30,example.net
413,Andrew Wong,fgraham@example.net,2022-11-28,example.net
414,Colleen Faulkner,thomas93@example.org,2020-08-16,example.org
415,Julia Patel,lauracarrillo@example.net,2021-09-08,example.net
416,Joe Rowe,thomas94@example.org,2020-01-23,example.org
417,Seth Williams,dwaynecox@example.net,2022-01-05,example.net
418,Nathaniel Miller,yjohnson@example.net,2023-02-15,example.net
419,Thomas Lucas,csmith@example.com,2019-08-30,example.com
420,Kristina Carlson,markcarpenter@example.net,2022-08-08,example.net
421,Patrick Smith,ktanner@example.net,2022-06-21,example.net
422,Isaiah Morris,tmoon@example.com,2021-09-06,example.com
423,Julie Ross,alisonanderson@example.net,2022-06-05,example.net
424,Maria Nguyen,ricardobrown@example.org,2024-02-16,example.org
425,Jennifer Robinson,nathankeith@example.org,2020-09-08,example.org
426,Kathryn May,wilsonmichelle@example.com,2022-07-16,example.com
427,Brandon Wilson,michaelmcdonald@example.com,2022-05-20,example.com
428,Adam James,maria67@example.net,2019-10-18,example.net
429,Nicholas Palmer,ronald79@example.net,2022-06-11,example.net
430,Karen Green,danny47@example.org,2020-04-14,example.org
431,Brian Gray,christopher82@example.com,2019-12-11,example.com
432,Harold West,davismaurice@example.com,2021-04-16,example.com
433,Aaron Savage Jr.,knightchad@example.com,2022-04-09,example.com
434,Denise Lam,ericbarrera@example.com,2024-02-25,example.com
435,Rachel Dougherty,kennedydaryl@example.org,2020-03-17,example.org
436,Vincent Neal,loganmckee@example.net,2019-10-13,example.net
437,Michael Johnson,amber67@example.net,2024-06-12,example.net
438,Anna Phillips,xmills@example.net,2021-08-18,example.net
439,Gina Willis,victoria24@example.net,2024-01-31,example.net
440,Brenda Evans,amandagill@example.com,2021-11-17,example.com
441,Brian Oconnor,xcrane@example.org,2023-02-12,example.org
442,Joseph Hall,lindseyevans@example.org,2024-07-12,example.org
443,David Davis,christiandaniel@example.org,2020-01-31,example.org
444,James Calhoun,patrick21@example.com,2019-10-20,example.com
445,Lisa Brooks,dixontamara@example.com,2020-08-29,example.com
446,Michael Jordan,josesnow@example.com,2022-07-08,example.com
447,David Pham,kingemily@example.net,2024-04-28,example.net
448,Mark Lee,rachel23@example.org,2020-09-10,example.org
449,Jay Giles,george39@example.net,2023-06-01,example.net
450,Brenda Cruz,gardnerjennifer@example.com,2022-11-11,example.com
451,Duane Miles,jlopez@example.org,2024-05-28,example.org
452,Michelle Morse,chelseamorales@example.com,2023-07-21,example.com
453,Chad Hernandez,jason67@example.org,2020-02-13,example.org
454,Brittany Jones,joemurray@example.org,2020-06-25,example.org
455,Joseph Anderson,currytrevor@example.com,2019-11-10,example.com
456,Jason Lee,michael84@example.org,2020-05-06,example.org
457,Charlotte Carney,warrenemily@example.org,2023-02-18,example.org
458,Crystal Turner,acostalisa@example.org,2024-02-20,example.org
459,Jennifer Schmidt,janet63@example.org,2021-09-16,example.org
460,James Wright,curtisdavenport@example.com,2020-04-28,example.com
461,Heather Tucker,joel27@example.net,2022-01-30,example.net
462,Holly Andrews,smithzachary@example.org,2020-06-21,example.org
463,Bryan Yang,casemark@example.org,2019-09-12,example.org
464,Manuel Mcclain,jesus08@example.org,2022-02-17,example.org
465,Dylan Johnson,jamie57@example.com,2022-12-19,example.com
466,Nicole Bishop,chadmoore@example.org,2022-12-04,example.org
467,Mr. Joseph Ross,kfaulkner@example.net,2020-06-16,example.net
468,Hannah Scott,mirandarice@example.com,2021-04-01,example.com
469,Gregory Davis,reevesanthony@example.org,2021-04-15,example.org
470,Megan Stout,bdennis@example.com,2021-03-30,example.com
471,Jeremy Morse,dylanfleming@example.com,2024-01-16,example.com
472,Stephanie Stein,jimenezandrew@example.org,2023-07-30,example.org
473,Alex Miller,hallabigail@example.com,2021-05-01,example.com
474,Tammy Jacobs,williamsryan@example.org,2022-09-06,example.org
475,Robert Arellano,allisonarmstrong@example.com,2021-09-19,example.com
476,Sara Richmond,larrygreene@example.net,2023-05-13,example.net
477,Lucas Garza,obarnett@example.org,2022-06-18,example.org
478,Jessica Brady,deanna75@example.net,2021-11-20,example.net
479,Amber Greer,caitlin75@example.com,2020-11-04,example.com
480,Krista Jones,qthompson@example.com,2019-10-10,example.com
481,Patricia Hicks,jasonpeterson@example.net,2020-12-24,example.net
482,Daniel Hansen,garzarussell@example.org,2019-12-03,example.org
483,Matthew Alexander,chadmiller@example.org,2022-03-19,example.org
484,Jacob Landry,torresmark@example.com,2021-11-22,example.com
485,Brianna Velasquez,marquezkathleen@example.net,2022-08-31,example.net
486,David Allison PhD,ortegamichael@example.org,2020-05-02,example.org
487,Cathy Harmon,scarr@example.com,2020-04-05,example.com
488,Carrie Herman,sue37@example.org,2021-09-01,example.org
489,Cindy Kelley,brooke49@example.com,2021-11-23,example.com
490,Darrell Davis,leslie35@example.org,2023-09-26,example.org
491,Lauren Brown,housebrittney@example.com,2020-09-30,example.com
492,Leonard Hernandez,patrick92@example.com,2023-04-07,example.com
493,Brianna Larson,stephen24@example.net,2020-01-24,example.net
494,Lisa Cameron,cathycannon@example.org,2019-10-30,example.org
495,Christopher Lee,janet50@example.net,2024-02-07,example.net
496,Gail Pena,mtaylor@example.com,2024-04-08,example.com
497,Raymond Robles,nlang@example.net,2021-03-17,example.net
498,James Vasquez,matthewpeters@example.net,2022-09-03,example.net
499,Emily Aguilar,anitasmith@example.com,2022-05-28,example.com
500,Adriana Cooper,millerjacob@example.net,2020-02-24,example.net
501,Jane Wise,vsmith@example.org,2021-11-19,example.org
502,Sharon Larsen,elijahlane@example.org,2022-11-19,example.org
503,Mark Solomon,oconnorkevin@example.org,2024-05-24,example.org
504,William Holloway,dboyer@example.net,2022-04-18,example.net
505,Benjamin Johnson,carrollashley@example.com,2024-04-07,example.com
506,Jacob Montgomery,aford@example.net,2023-02-04,example.net
507,Jonathan Hunter,malonekenneth@example.org,2021-06-21,example.org
508,Nathan Barnett,martinlawrence@example.org,2020-03-21,example.org
509,Holly Edwards,galvankevin@example.com,2022-12-16,example.com
510,John Woods,noahsmith@example.org,2020-12-27,example.org
511,Rebekah Allen,grantelizabeth@example.net,2022-09-17,example.net
512,Jaime Berg,vdean@example.net,2020-08-24,example.net
513,Lisa Romero DVM,katrinaward@example.org,2020-08-16,example.org
514,Lisa Smith,burkewilliam@example.net,2024-01-06,example.net
515,Dr. Timothy Foster,hhull@example.net,2022-10-30,example.net
516,Ellen Ramos,glennmichael@example.org,2020-05-05,example.org
517,Stephanie Liu,fordmelinda@example.net,2023-06-08,example.net
518,Roberto Colon,anthony43@example.net,2020-09-11,example.net
519,Monica Terry,jeffreygraham@example.net,2021-04-19,example.net
520,Sean Hernandez,anthonymckinney@example.net,2020-10-07,example.net
521,Mark Ruiz,harrisonelizabeth@example.net,2022-11-06,example.net
522,Valerie Alvarado,lisasavage@example.org,2019-12-29,example.org
523,William Johnson,valerierichmond@example.com,2020-05-08,example.com
524,Samantha Harper,cmarsh@example.net,2019-12-21,example.net
525,Connor Tucker,kayla60@example.net,2021-01-26,example.net
526,Michelle Hudson,elizabeth22@example.org,2024-03-31,example.org
527,Amanda Burke DVM,vicki43@example.org,2020-03-13,example.org
528,Heather Davenport,mwilson@example.net,2023-01-25,example.net
529,Angela Rodriguez,jennifermiller@example.com,2022-06-28,example.com
530,Daniel Sharp,cathy25@example.com,2021-10-11,example.com
531,Randy Douglas,kathleen92@example.org,2020-08-21,example.org
532,Tiffany Johnson,wmyers@example.org,2022-05-09,example.org
533,Roberto Torres,michael26@example.org,2024-01-01,example.org
534,Leah Jenkins,whuynh@example.net,2024-03-24,example.net
535,Daniel Lucas,scott96@example.net,2022-12-17,example.net
536,Gregory Jones,brendajenkins@example.net,2023-09-24,example.net
537,Brian Anderson,htaylor@example.com,2020-06-30,example.com
538,Barbara English,antonio63@example.com,2024-05-15,example.com
539,Robert Lynn,turnerchristopher@example.org,2022-07-28,example.org
540,Vincent Schmidt,stanley39@example.net,2019-12-05,example.net
541,Sherry Tran,robertallen@example.org,2023-08-22,example.org
542,Kelly Hicks,holly57@example.org,2024-06-15,example.org
543,Alexa Clark,derrickmccarty@example.net,2022-10-25,example.net
544,Garrett Roberts,gblair@example.net,2023-05-06,example.net
545,Gary Ortiz,fhanson@example.net,2024-07-22,example.net
546,Anthony Reyes,jessica93@example.org,2020-12-12,example.org
547,Terry Collier,xpalmer@example.net,2020-04-19,example.net
548,James Lopez,jbryant@example.org,2022-01-01,example.org
549,Julie Miller,ricky74@example.com,2024-07-15,example.com
550,Nathaniel Moses,alicia23@example.org,2022-08-23,example.org
551,Daniel Foster,brittneylee@example.org,2022-10-19,example.org
552,Mario Williams,qshepard@example.net,2019-11-09,example.net
553,Melissa Duncan,shawncaldwell@example.com,2021-01-10,example.com
554,Randy Powers,xlawrence@example.com,2023-05-09,example.com
555,Heidi Boyd,bcopeland@example.net,2024-06-16,example.net
556,Joshua Odom,brownashlee@example.net,2021-01-02,example.net
557,Krystal Walker,martha24@example.org,2021-06-14,example.org
558,Joe Fuller,fergusonmandy@example.com,2023-03-20,example.com
559,Jeffrey Perez,ohernandez@example.com,2023-12-07,example.com
560,Aaron Johnson,robertcampbell@example.net,2022-02-07,example.net
561,Michelle Wise,tara98@example.net,2022-11-12,example.net
562,Kimberly Dunn,jessica55@example.com,2022-09-03,example.com
563,Dr. Thomas Nolan Jr.,joseph03@example.com,2024-05-24,example.com
564,Amy Tran,jacobchen@example.org,2023-12-26,example.org
565,Robert Ford,samanthabruce@example.org,2020-08-08,example.org
566,Paul Peterson,brenda57@example.net,2021-05-31,example.net
567,Cynthia Robles,ypatterson@example.org,2024-07-13,example.org
568,Christopher Arnold,owoodward@example.org,2020-12-03,example.org
569,Charles Ramirez,armstrongscott@example.com,2024-08-05,example.com
570,Barbara Williams,lynchthomas@example.com,2024-03-01,example.com
571,Shane Griffin,breanna70@example.com,2023-05-18,example.com
572,Tamara Martin,whitejohn@example.com,2023-03-09,example.com
573,Stacey Cunningham,schmidtjustin@example.com,2020-10-14,example.com
574,Carolyn Terrell,williamcaldwell@example.com,2022-01-04,example.com
575,Michael Morgan,ilarsen@example.org,2024-04-02,example.org
576,Richard Gonzalez,rebecca11@example.org,2024-06-15,example.org
577,Joe Banks,nhernandez@example.com,2022-02-27,example.com
578,Eric Chandler,andrewtodd@example.org,2020-06-22,example.org
579,Samantha Jensen,jessicastanley@example.net,2020-06-05,example.net
580,Pamela Brown,amberhayes@example.com,2021-05-23,example.com
581,Laurie Turner,castroaustin@example.org,2020-07-06,example.org
582,Maria Rodriguez,jason99@example.org,2022-02-06,example.org
583,Kimberly Sutton,christopher83@example.com,2021-09-29,example.com
584,Anthony Lee,jonarnold@example.org,2021-01-06,example.org
585,Jerome Hansen,vmiller@example.org,2022-11-25,example.org
586,Julie Carter,ryanreynolds@example.org,2020-09-08,example.org
587,Chelsea Carpenter,rosedeborah@example.com,2022-10-30,example.com
588,Andrew Cox,jboyd@example.com,2020-07-30,example.com
589,Christopher Martin,johnsonryan@example.com,2021-09-04,example.com
590,Brooke Hall,marywashington@example.com,2024-04-25,example.com
591,Joshua Hobbs,kschmidt@example.com,2024-08-04,example.com
592,Gregory Goodman,hryan@example.com,2020-11-20,example.com
593,Julie Clark,ricardowelch@example.com,2019-09-19,example.com
594,Nicole Thomas,destinyhughes@example.net,2024-04-24,example.net
595,Paul Gonzalez,millsdenise@example.com,2022-03-13,example.com
596,Matthew Ramirez,bryankaren@example.net,2024-06-22,example.net
597,Matthew Delacruz,ramirezlisa@example.org,2023-04-02,example.org
598,Tammy Brennan,umorris@example.com,2022-07-26,example.com
599,Luis Perez,limelinda@example.com,2020-02-27,example.com
600,Sharon Jackson,frank34@example.net,2023-02-27,example.net
601,Andrea Simmons,james92@example.net,2024-04-01,example.net
602,Brett Prince,johnwarren@example.net,2024-05-29,example.net
603,Philip Davis,lramirez@example.com,2023-10-17,example.com
604,Caitlyn Leonard,christopherhiggins@example.com,2019-12-05,example.com
605,Judy Estrada,hendersonjeffrey@example.com,2022-11-30,example.com
606,David Lopez,vchandler@example.org,2022-04-20,example.org
607,Jill Walsh,jamesmendez@example.org,2019-12-19,example.org
608,Jackie Franco,smithseth@example.org,2022-04-21,example.org
609,Willie Vance,christopher52@example.net,2020-11-09,example.net
610,Tricia Townsend,kevinmoon@example.com,2022-02-12,example.com
611,Shawn Peterson,lisablankenship@example.org,2023-06-29,example.org
612,Mr. Mark Hanson,sgross@example.org,2024-02-15,example.org
613,Michelle Humphrey,lori05@example.org,2019-09-13,example.org
614,Dale Griffith,dchase@example.com,2020-06-30,example.com
615,Antonio Vasquez,edward54@example.org,2022-05-14,example.org
616,Jessica Wagner,zimmermanmonica@example.com,2023-04-25,example.com
617,Denise Price,nathanmiddleton@example.org,2023-04-24,example.org
618,Nicole Smith,williamboyd@example.com,2024-07-31,example.com
619,Michelle Tran,tcunningham@example.net,2023-09-06,example.net
620,Dana Bennett,garrett83@example.org,2021-11-16,example.org
621,Brenda Lewis,denise73@example.com,2021-07-18,example.com
622,Jocelyn Anderson,lauradaniels@example.net,2021-04-21,example.net
623,Kimberly Bell,marcuslewis@example.org,2019-09-22,example.org
624,Misty Neal,fullershawn@example.org,2021-09-11,example.org
625,Isabella Allen,andrewmclean@example.net,2022-07-05,example.net
626,John Williams,patricia23@example.com,2024-05-09,example.com
627,Elizabeth Abbott,stevenlopez@example.net,2021-11-28,example.net
628,Cynthia Lawson,mcleanleah@example.net,2021-09-22,example.net
629,Robin Lopez,michael68@example.net,2021-05-07,example.net
630,Julie Mitchell,daviladanielle@example.com,2020-04-13,example.com
631,Matthew Tran,farleyjames@example.net,2023-05-06,example.net
632,Spencer Bailey,craig42@example.com,2022-07-10,example.com
633,Lisa Caldwell,collierrobert@example.net,2020-09-04,example.net
634,Michelle Miller,edavis@example.net,2023-08-12,example.net
635,Renee Garner,deborah10@example.com,2023-08-15,example.com
636,Mitchell Phillips,wchang@example.net,2020-08-05,example.net
637,Joanna Young,aliciaweeks@example.org,2022-02-13,example.org
638,Darrell Brown,david73@example.com,2022-07-11,example.com
639,Keith Baker,andersonallison@example.net,2022-11-18,example.net
640,Alexandria Rodriguez,mark90@example.com,2023-10-21,example.com
641,Amanda Hayes,vscott@example.net,2022-12-22,example.net
642,Sabrina Hubbard,anthonybarrett@example.net,2022-07-08,example.net
643,Manuel Bonilla,holderchristopher@example.com,2021-05-20,example.com
644,Rita Williams,kevin94@example.net,2023-01-26,example.net
645,Rachel Williams,coreyjohnson@example.com,2022-07-30,example.com
646,Matthew Reynolds,courtney31@example.org,2020-09-14,example.org
647,Kevin Mosley,zcarter@example.com,2024-05-20,example.com
648,Samantha Fox,iwilliams@example.net,2021-12-02,example.net
649,Cheryl Hernandez,heather19@example.net,2021-06-04,example.net
650,Timothy Howell,malik46@example.org,2021-08-15,example.org
651,Julie Martin,pennycox@example.com,2023-02-09,example.com
652,Mark Daniels,hfoster@example.org,2024-01-03,example.org
653,Jacqueline Schneider,uanderson@example.com,2024-01-31,example.com
654,Steve Smith,scasey@example.com,2024-05-12,example.com
655,Anne Malone,griffinmelissa@example.org,2022-09-05,example.org
656,John Nguyen,katelyn81@example.net,2021-05-25,example.net
657,Henry Robles,joshua94@example.net,2020-06-01,example.net
658,Heather Rhodes,tonyacarrillo@example.org,2024-03-04,example.org
659,Richard Henry MD,brian22@example.org,2020-05-05,example.org
660,Madison Howard,cunninghamjames@example.org,2021-05-19,example.org
661,Ashley Weiss,leah61@example.com,2020-01-03,example.com
662,Paul Bond,victoriadouglas@example.org,2021-03-19,example.org
663,Anna Goodman,mcmillantimothy@example.com,2020-04-26,example.com
664,David Russell,stephencastro@example.org,2020-03-17,example.org
665,Jason Miller PhD,amy23@example.com,2023-11-04,example.com
666,Candace Townsend,barrettjames@example.com,2020-08-27,example.com
667,Pamela Brown,amber05@example.net,2020-12-20,example.net
668,Mallory Munoz,spencerbarbara@example.com,2024-03-11,example.com
669,Heather Porter,shawn64@example.org,2022-02-06,example.org
670,Brandon Steele,dennisbrian@example.net,2021-04-17,example.net
671,Kevin Russo,zjohns@example.org,2021-04-16,example.org
672,Amy Bailey,chernandez@example.com,2023-02-20,example.com
673,Maureen Sandoval,brenda79@example.org,2021-01-09,example.org
674,Michael West,terrytanya@example.org,2021-08-22,example.org
675,Jennifer Barrett,jessica51@example.com,2020-08-07,example.com
676,Lindsay Johns,henrymelissa@example.org,2022-09-17,example.org
677,Samantha Everett,brendarichmond@example.net,2022-12-26,example.net
678,Eric Thompson,sandersmaria@example.com,2022-03-09,example.com
679,Richard Martin,michaelmary@example.org,2020-03-11,example.org
680,Daniel Sanchez,hoffmanphillip@example.org,2023-11-10,example.org
681,Robert Bradley,sarah79@example.com,2020-06-22,example.com
682,James Taylor,hburke@example.net,2020-02-07,example.net
683,Matthew Chapman,samuel36@example.org,2022-05-30,example.org
684,Natalie Crosby,antonio58@example.org,2024-03-06,example.org
685,Julie Garner,johnaustin@example.com,2023-10-18,example.com
686,Christopher Ross,gallaghermichael@example.org,2023-12-14,example.org
687,Penny Bass,xanthony@example.org,2021-06-15,example.org
688,Dawn Marks,dyermark@example.net,2024-06-19,example.net
689,Carlos Taylor,angela98@example.org,2021-11-10,example.org
690,Mrs. Briana Carter,kendraferguson@example.org,2020-06-14,example.org
691,Devin Austin,patrickgarcia@example.net,2019-09-08,example.net
692,Randall Martinez,brittany41@example.org,2024-03-12,example.org
693,Kim Ellis,crystal79@example.com,2019-08-21,example.com
694,Cynthia Bennett,tanyamiller@example.com,2020-12-27,example.com
695,Sarah Randall,cindyperkins@example.org,2022-09-04,example.org
696,Carrie Morris,ymunoz@example.net,2019-10-07,example.net
697,Zachary Flores,james81@example.org,2023-03-10,example.org
698,Alexandra Solomon,allisonflowers@example.org,2023-04-14,example.org
699,Brian King,cookjason@example.net,2021-07-03,example.net
700,Lawrence Barnes,andrea09@example.net,2022-12-15,example.net
701,Cassandra Hines,ryanrhodes@example.org,2020-03-15,example.org
702,Tara Taylor,kellerjamie@example.org,2021-04-22,example.org
703,Christine Mcdonald,eric03@example.com,2021-08-14,example.com
704,Diana Jones,yjenkins@example.net,2023-12-11,example.net
705,Noah Romero,jhamilton@example.com,2023-02-28,example.com
706,Jasmine Johnson,herreramary@example.net,2022-05-09,example.net
707,Jessica Davis,jacksonsara@example.org,2023-05-27,example.org
708,Isaac Perez,shawjason@example.org,2022-10-22,example.org
709,Lauren Mccarthy,cynthia12@example.org,2023-05-12,example.org
710,Kevin Walker,danielgallegos@example.net,2021-06-08,example.net
711,Kenneth Stephens,walter10@example.net,2023-08-04,example.net
712,Nathaniel Jackson,harveymary@example.net,2021-03-14,example.net
713,Mr. Justin Montoya,vancerichard@example.com,2021-08-29,example.com
714,Paul Watson,jenniferbell@example.net,2020-04-24,example.net
715,Andrea Cortez,cindybond@example.com,2021-09-24,example.com
716,Kyle White,englishtammy@example.com,2023-05-27,example.com
717,Jacob Stewart,joseph81@example.org,2022-08-15,example.org
718,Elizabeth Singh,wilsonthomas@example.com,2023-07-02,example.com
719,Ronald Johnson,frankoliver@example.com,2022-09-18,example.com
720,Debbie Blake,piercemelissa@example.org,2021-11-29,example.org
721,Isaiah Harris,taylorsamuel@example.com,2020-10-20,example.com
722,Alexander Fowler,trevorguerra@example.net,2020-03-24,example.net
723,Jonathan Hicks,hannahbrown@example.org,2023-07-22,example.org
724,Melissa Johnson,emiller@example.net,2022-11-19,example.net
725,April Bolton,pjordan@example.org,2024-08-05,example.org
726,Andrea Melton,randalllynch@example.org,2021-08-20,example.org
727,Robin Harper,gmeyers@example.org,2021-12-22,example.org
728,Kenneth Dennis,croth@example.net,2021-03-24,example.net
729,Benjamin Collins,deborahmitchell@example.net,2020-12-10,example.net
730,John Spencer,qsteele@example.net,2021-07-03,example.net
731,Sarah Collins,samanthaoneill@example.org,2024-02-15,example.org
732,Jacqueline Meyer,danielle35@example.org,2023-06-13,example.org
733,Emma Wright,leah24@example.net,2020-03-31,example.net
734,Richard Long,davilamarisa@example.org,2022-12-24,example.org
735,Seth Taylor Jr.,fgrimes@example.org,2020-11-24,example.org
736,Eileen Carney,mhernandez@example.org,2020-08-07,example.org
737,Jason Young,cgordon@example.org,2021-04-06,example.org
738,John Crawford,carterjoseph@example.net,2021-12-22,example.net
739,Aaron Scott,kristina56@example.org,2021-11-05,example.org
740,Bonnie Jensen,sfranklin@example.com,2021-09-26,example.com
741,Desiree Peterson,kevans@example.net,2023-05-31,example.net
742,Danielle Wheeler,cthompson@example.com,2019-12-17,example.com
743,Lori Mclean,john37@example.net,2019-10-16,example.net
744,Jordan Cameron,craig43@example.net,2020-08-11,example.net
745,Shane Christian,andrea33@example.net,2023-11-25,example.net
746,Ryan Price,qsmith@example.net,2021-04-26,example.net
747,Andrew Riley,scottkennedy@example.net,2023-09-28,example.net
748,Jennifer Conrad,rebecca70@example.net,2020-03-22,example.net
749,Samantha Brown,mbishop@example.net,2019-08-30,example.net
750,James Oconnell,zachary70@example.com,2023-11-01,example.com
751,Michael Munoz,lisahall@example.net,2020-08-02,example.net
752,Tracy Lopez,qperkins@example.net,2023-01-01,example.net
753,Vincent Whitaker,snydercassandra@example.org,2021-03-25,example.org
754,Tiffany Casey,udonaldson@example.com,2024-07-29,example.com
755,Isaac Warren,alicia87@example.org,2022-10-25,example.org
756,Rebekah Moore,waltersjeffrey@example.org,2023-03-24,example.org
757,Amy Diaz,gonzalezlori@example.net,2023-04-29,example.net
758,Mariah Sanchez,john57@example.net,2021-05-23,example.net
759,Matthew Wilson,jeffreyhouston@example.com,2021-11-08,example.com
760,Jim Nelson,ysantana@example.net,2024-01-19,example.net
761,Margaret Jones,knicholson@example.net,2020-11-02,example.net
762,Jessica Graham,josephclark@example.org,2023-01-02,example.org
763,Tyler Turner,coxmichael@example.com,2023-04-11,example.com
764,Emily Gardner,hchambers@example.org,2023-08-20,example.org
765,Anne Rodriguez,earl25@example.com,2023-09-25,example.com
766,Heather Flynn,brandongreen@example.org,2023-07-06,example.org
767,Jamie Sanders,daniel07@example.org,2020-10-13,example.org
768,John Boyle,crystal26@example.net,2020-02-16,example.net
769,Joshua Stephenson,fross@example.org,2019-09-23,example.org
770,Alexander Clark,gaguilar@example.org,2021-02-18,example.org
771,Damon Mcmillan,brian22@example.com,2023-11-15,example.com
772,Amanda Russell,ingrammark@example.net,2024-06-12,example.net
773,John Byrd,guzmanmargaret@example.org,2022-06-20,example.org
774,Joseph Bradley,steve10@example.net,2022-03-21,example.net
775,Kim Gross,zfranklin@example.net,2019-08-23,example.net
776,Marvin Henderson,emily99@example.com,2023-01-02,example.com
777,Billy Stephenson,millerricky@example.net,2020-02-26,example.net
778,Susan Garrett,cbutler@example.net,2022-01-19,example.net
779,Rachel Baldwin,qnguyen@example.org,2023-06-30,example.org
780,Vincent Morton,riveraamanda@example.org,2023-07-05,example.org
781,Jessica Newton,ritterjulie@example.org,2021-11-27,example.org
782,Sherri Moore,gsmith@example.net,2022-06-30,example.net
783,Kelly Chan,mcgeesharon@example.net,2019-09-24,example.net
784,Raymond Ward,ulowe@example.com,2022-02-24,example.com
785,Jessica Wells,cmartinez@example.net,2021-03-07,example.net
786,Gary Mcdowell,erica87@example.com,2024-05-11,example.com
787,Katherine Ford,zhoward@example.net,2021-12-05,example.net
788,Ronald Davis,marcus70@example.org,2021-09-19,example.org
789,Jacqueline Kim,frankboyd@example.org,2024-06-24,example.org
790,Sheila Oneal,riveraeric@example.com,2024-03-02,example.com
791,John Gutierrez,alannichols@example.org,2023-08-05,example.org
792,Barbara Collins,lewiscolin@example.org,2024-04-25,example.org
793,Leah Johnson,svargas@example.net,2020-02-23,example.net
794,Stephen Fischer,foxchristine@example.org,2021-04-16,example.org
795,Randy Hall,josephwillis@example.net,2023-02-16,example.net
796,Michael Rivera,rrichardson@example.org,2022-10-04,example.org
797,Jonathan Gordon,audrey21@example.org,2024-07-12,example.org
798,Mark Barnes,jennifer02@example.net,2023-05-18,example.net
799,Annette Murphy,dmack@example.net,2022-08-19,example.net
800,Gabriel Avery,jeffreymorgan@example.com,2021-08-31,example.com
801,Matthew Ramos,cnguyen@example.com,2021-10-17,example.com
802,Brenda Rodriguez,davisheidi@example.com,2022-05-31,example.com
803,James Jones,sanchezsuzanne@example.com,2023-06-19,example.com
804,Joseph Ward,scott55@example.com,2023-01-11,example.com
805,Ryan Conrad,ucain@example.net,2022-03-19,example.net
806,Andrew Thompson,amiller@example.net,2022-11-21,example.net
807,Mary Davis,jake04@example.net,2020-05-29,example.net
808,Kara Bowman,noah65@example.org,2024-04-14,example.org
809,Michelle Johnson,ccampbell@example.net,2022-04-04,example.net
810,Diana Dalton,leoncaitlin@example.org,2020-09-11,example.org
811,Tanya Brown,joshuaromero@example.org,2019-11-19,example.org
812,Joseph Zhang,michelle60@example.org,2021-01-29,example.org
813,David Thomas,adamsjohn@example.net,2022-03-04,example.net
814,Michele Garza,harrisbrenda@example.com,2022-07-13,example.com
815,Jessica Bradford,rschultz@example.net,2024-05-07,example.net
816,Kevin Conway,guzmancrystal@example.com,2023-06-12,example.com
817,Rebecca Jones,pray@example.com,2023-10-27,example.com
818,Andrew Diaz,bmoore@example.com,2023-10-12,example.com
819,Jason Oneill,egarcia@example.net,2022-09-08,example.net
820,Erin Buck,yroberts@example.org,2021-09-28,example.org
821,Tammy Williams,kevin30@example.com,2022-09-14,example.com
822,Cody Collins,janice16@example.com,2020-09-25,example.com
823,Ms. Emily Thompson DDS,jasonarias@example.com,2022-01-17,example.com
824,William Bautista,wwright@example.net,2020-08-22,example.net
825,Kimberly Johnson,kyle10@example.net,2024-08-04,example.net
826,Kevin Jones,david38@example.com,2024-07-04,example.com
827,Teresa Charles,bwalker@example.org,2020-12-08,example.org
828,Christine Fischer,mendozacynthia@example.com,2020-09-03,example.com
829,Donald Berry,lisa58@example.com,2020-05-20,example.com
830,Gregory Mason,vvasquez@example.org,2023-08-12,example.org
831,Joy Walsh,amanda58@example.com,2022-03-03,example.com
832,Albert Bruce,kylehiggins@example.com,2020-11-01,example.com
833,Patrick Mccoy,clevine@example.org,2023-09-10,example.org
834,Emily Hunter,idaniel@example.net,2023-07-16,example.net
835,Caroline Beck,kristine59@example.org,2019-11-10,example.org
836,Lisa Thomas,millertimothy@example.net,2023-03-08,example.net
837,Gregory Jordan,alisonfranco@example.net,2021-12-01,example.net
838,Kristina Wilson,jessica43@example.com,2023-11-06,example.com
839,Curtis Williams,higginskelly@example.com,2021-05-17,example.com
840,Justin Rodgers,jessica51@example.net,2022-05-02,example.net
841,Jeremy Chase,patrickchristian@example.net,2021-08-14,example.net
842,Laura Garza,nolandavid@example.org,2021-02-11,example.org
843,Mark Anderson,qharris@example.org,2023-02-05,example.org
844,Kerri Knox,moorebrenda@example.org,2021-02-04,example.org
845,Jeffrey Moses,kathryn12@example.org,2020-08-01,example.org
846,Kylie Harris,gregory75@example.org,2021-09-05,example.org
847,Robert Edwards,johnreyes@example.net,2020-03-30,example.net
848,Jacob Brown,fharris@example.org,2023-05-08,example.org
849,Charles Young,santiagodeborah@example.com,2024-08-06,example.com
850,Joseph Weeks,qhodge@example.org,2020-03-22,example.org
851,Robin Yang,ogutierrez@example.com,2019-10-20,example.com
852,Rebecca Tucker,williamskari@example.org,2019-09-14,example.org
853,Todd Torres,boydnorman@example.net,2020-11-15,example.net
854,Jenna Nguyen,ihernandez@example.net,2020-02-21,example.net
855,Daniel Wood,reginawood@example.com,2019-09-29,example.com
856,Kelly Drake,ilang@example.com,2020-09-05,example.com
857,Linda Pope,jamie45@example.com,2020-06-16,example.com
858,Alexandra Ross,spencer54@example.com,2021-07-06,example.com
859,Rebecca Mccoy,christopherstone@example.com,2022-09-09,example.com
860,Angela Schroeder,rcarpenter@example.org,2021-05-24,example.org
861,Tyler Martinez,kruegerwilliam@example.org,2020-03-14,example.org
862,Darryl Parks,garciajustin@example.net,2024-02-29,example.net
863,Robert Robertson,ggonzalez@example.org,2021-09-21,example.org
864,Heather Carlson,hughescurtis@example.org,2024-04-15,example.org
865,Julie Smith,ataylor@example.net,2022-11-24,example.net
866,Craig Davis,eclements@example.org,2022-10-03,example.org
867,Jeffrey Romero,aliciarichardson@example.com,2021-04-29,example.com
868,Jennifer Gonzales,othompson@example.org,2023-08-27,example.org
869,Allen Davis,timothy77@example.net,2019-09-04,example.net
870,Steven Kelly,blackjason@example.org,2022-06-20,example.org
871,Matthew Johnson,cheryl76@example.org,2021-05-22,example.org
872,Tiffany Chavez,howardtimothy@example.net,2024-04-27,example.net
873,Ronald Davis,dannytaylor@example.com,2021-11-24,example.com
874,Cassandra Williams,ramirezjames@example.net,2020-11-13,example.net
875,Joshua Moses,wendy29@example.org,2020-05-30,example.org
876,Cindy Jackson,pbrown@example.com,2021-08-08,example.com
877,Fred Carroll,bross@example.com,2019-09-03,example.com
878,Tamara Rubio,djackson@example.net,2021-01-03,example.net
879,Patrick Mccarthy,fowlertristan@example.net,2021-09-29,example.net
880,Connor Snyder,christina36@example.net,2020-10-16,example.net
881,Danielle Barry,caseysampson@example.com,2020-04-30,example.com
882,Mark Joyce,nicholslauren@example.org,2021-04-05,example.org
883,Todd Glass,danielle19@example.net,2020-06-29,example.net
884,Cristian Alexander,pricegreg@example.org,2020-06-11,example.org
885,Chris Gardner,grayjessica@example.com,2021-12-08,example.com
886,Dawn Martin,jwilson@example.net,2024-04-03,example.net
887,Sharon Barrett,jacksontiffany@example.com,2022-05-22,example.com
888,Kayla Martinez,jacquelinelopez@example.net,2021-08-26,example.net
889,Ryan Durham,dibarra@example.org,2020-06-02,example.org
890,Catherine Potts,ularsen@example.com,2024-04-04,example.com
891,Adam Wallace,ramirezzachary@example.net,2022-10-30,example.net
892,Tanner Johns,johnmaxwell@example.com,2023-08-13,example.com
893,Brenda Long,williamsshannon@example.net,2022-03-29,example.net
894,Brian Barron,ashley61@example.net,2020-01-04,example.net
895,William Wade,meyeradam@example.net,2019-12-15,example.net
896,Jacob Bennett,brodriguez@example.org,2023-03-12,example.org
897,Jacob Fischer,tdavis@example.com,2023-07-30,example.com
898,Scott Shaw,martinanthony@example.org,2024-04-07,example.org
899,Austin Rice,williamhoffman@example.org,2022-01-20,example.org
900,Jesse Martin,zacharybranch@example.com,2024-07-19,example.com
901,Hannah Ruiz,oconnormichael@example.org,2024-02-26,example.org
902,Elaine Johnson,wolfalexander@example.org,2021-07-30,example.org
903,Jonathan Warren,rhondahopkins@example.org,2023-11-24,example.org
904,Steven Martinez,othomas@example.org,2022-11-30,example.org
905,Matthew Swanson,connerrobert@example.org,2023-11-21,example.org
906,Whitney Salas,christinegray@example.org,2022-02-04,example.org
907,Michael Clark,matthew00@example.org,2020-06-07,example.org
908,Cody Little,kingsabrina@example.com,2022-10-15,example.com
909,Kristin Golden,dscott@example.net,2019-10-22,example.net
910,Jon Pham,guzmankimberly@example.org,2024-05-31,example.org
911,Robert Francis,barbara77@example.org,2021-12-28,example.org
912,Jessica Riley,ifisher@example.org,2020-06-06,example.org
913,Megan Duarte,maryramos@example.com,2021-11-18,example.com
914,Thomas Finley,karenthompson@example.net,2020-06-16,example.net
915,Phillip Hughes,vscott@example.org,2024-04-17,example.org
916,Christopher Moreno,erin74@example.net,2024-04-29,example.net
917,Stephanie Greene,todddrake@example.org,2023-11-02,example.org
918,Nicole Foster,andresreynolds@example.com,2024-07-10,example.com
919,David Fields,brandon39@example.net,2019-10-07,example.net
920,Edwin Morgan,stacy15@example.org,2022-11-13,example.org
921,Scott Jones,bruce79@example.net,2021-12-24,example.net
922,Amanda Moore,rbarton@example.org,2021-08-22,example.org
923,Rhonda Middleton,robertnovak@example.org,2020-11-11,example.org
924,Sean Adams,andreaday@example.org,2019-09-06,example.org
925,Ann Martin,allisonsmith@example.net,2020-07-14,example.net
926,Dr. John Allen,dsmith@example.com,2020-12-13,example.com
927,Sarah Bond,john32@example.org,2022-01-14,example.org
928,Michelle Bush,msanford@example.org,2021-04-23,example.org
929,Taylor Garcia,nicoleyoung@example.com,2023-06-05,example.com
930,Lindsey Blackburn,jallen@example.com,2023-09-18,example.com
931,Michael Harper,stephaniehull@example.net,2023-11-27,example.net
932,Jessica Johns,robert01@example.net,2022-05-30,example.net
933,Natalie Hull,joshua80@example.org,2020-10-14,example.org
934,Gregory Shaw,bdavies@example.net,2023-09-13,example.net
935,James Riley,thompsonjohn@example.com,2020-11-09,example.com
936,Michael Leon,alexandraacosta@example.com,2023-05-29,example.com
937,Louis Kennedy,caitlin91@example.com,2019-11-13,example.com
938,Carmen Huber,william38@example.com,2019-10-04,example.com
939,Donald Poole,pdaniels@example.net,2021-05-03,example.net
940,Samantha Parrish,carolyn05@example.net,2021-01-22,example.net
941,Erin Hall,coxdanielle@example.org,2020-04-30,example.org
942,William Campbell,tracy70@example.com,2020-06-07,example.com
943,Rebecca Boyd,zachary16@example.org,2022-05-26,example.org
944,Janet Frye,mark05@example.com,2021-07-10,example.com
945,Bruce Ray,ojackson@example.org,2022-01-13,example.org
946,Deborah Pope,slewis@example.net,2023-09-22,example.net
947,Molly Morales,tinawebb@example.org,2023-12-18,example.org
948,James Dawson,robert79@example.net,2019-11-05,example.net
949,Edward Turner,gregorywallace@example.net,2020-03-07,example.net
950,Christina Graham,pboone@example.net,2023-04-13,example.net
951,Pam Mckay,james32@example.org,2021-06-17,example.org
952,Kelly Cain,mackdaniel@example.org,2021-04-09,example.org
953,Deborah Douglas,elizabeth99@example.com,2020-04-24,example.com
954,James Davis,laurabutler@example.com,2023-07-10,example.com
955,Nathaniel Bautista,cunninghamwendy@example.net,2021-05-01,example.net
956,Megan Richardson,clarence51@example.net,2024-08-09,example.net
957,Gabrielle Beltran,richardwallace@example.net,2023-04-03,example.net
958,Casey Cruz,dreed@example.org,2023-01-25,example.org
959,Sherri Phillips,brandimarquez@example.com,2023-01-16,example.com
960,Christopher Cox,jon26@example.net,2022-09-13,example.net
961,Jessica Frye,fdavis@example.net,2022-11-01,example.net
962,Thomas Martin,jeffreybrown@example.net,2020-07-02,example.net
963,Sandra Williams,georgeruth@example.net,2022-09-26,example.net
964,Nathan Allen,austinjill@example.net,2021-08-25,example.net
965,James Preston,xdixon@example.net,2023-12-02,example.net
966,James Vasquez,bwoods@example.net,2024-02-13,example.net
967,Benjamin Palmer,kathryn33@example.com,2024-03-18,example.com
968,Mark Martinez,phillipsanne@example.org,2019-12-23,example.org
969,Andrew Bryant,kevinwatson@example.net,2023-09-18,example.net
970,Justin Clark,jonesbrian@example.com,2021-01-23,example.com
971,Dana Gutierrez,tgonzalez@example.net,2024-01-26,example.net
972,Mario Johnson,daniel44@example.org,2020-11-13,example.org
973,Brad Mcintosh,robertslori@example.com,2019-10-03,example.com
974,Jeanette Stevens,samantha25@example.com,2020-05-26,example.com
975,Theresa Gould,fosternicole@example.com,2020-09-08,example.com
976,Jason Henry,rdouglas@example.org,2023-12-19,example.org
977,Joshua Pitts,stephaniehopkins@example.org,2022-08-24,example.org
978,Nathan White,taylormallory@example.org,2020-09-21,example.org
979,Kathleen Young,sweeneybrittany@example.net,2020-09-08,example.net
980,Savannah Kaufman,smithlisa@example.com,2021-11-17,example.com
981,Philip Carter,matthewhoward@example.org,2022-11-07,example.org
982,Maurice White,jaredmedina@example.org,2022-12-18,example.org
983,Nicole Martinez,susandavis@example.org,2023-05-20,example.org
984,Thomas Rodriguez,jennifer41@example.com,2020-12-23,example.com
985,Jesus Keith,james13@example.com,2021-03-15,example.com
986,Michael Sims,matthewwalton@example.com,2022-10-19,example.com
987,Leslie Martin,hernandezkevin@example.org,2020-01-29,example.org
988,Dana Cardenas,shelly58@example.com,2021-02-04,example.com
989,Veronica Reyes,angela79@example.org,2020-11-04,example.org
990,Alexander Maldonado,antonio97@example.net,2019-10-31,example.net
991,Thomas Ellis,mark07@example.com,2024-03-24,example.com
992,Jennifer Butler,aprilcarter@example.com,2023-12-24,example.com
993,Brittany Davis,dgarner@example.org,2020-11-26,example.org
994,Erika Patel,vjones@example.com,2021-10-04,example.com
995,Michelle Bell,murillorobert@example.org,2021-10-03,example.org
996,Donna Jones,mathew94@example.net,2024-08-11,example.net
997,Melissa Brown,jasminepearson@example.net,2020-12-12,example.net
998,Robert Wright,patrickmartinez@example.org,2022-12-08,example.org
999,Erika Escobar,sampsonisaac@example.net,2022-05-12,example.net
1000,Steven Howell,reyessharon@example.com,2019-11-28,example.com
